--
-- PostgreSQL database dump
--

\restrict C13p3BgELVvpbBMLuYesEDwP2dC0KzmADZwdFPPaxslldgo8VD3B4UCTqMADUfz

-- Dumped from database version 16.10 (Homebrew)
-- Dumped by pg_dump version 16.10 (Homebrew)

SET statement_timeout = 0;
SET lock_timeout = 0;
SET idle_in_transaction_session_timeout = 0;
SET client_encoding = 'UTF8';
SET standard_conforming_strings = on;
SELECT pg_catalog.set_config('search_path', '', false);
SET check_function_bodies = false;
SET xmloption = content;
SET client_min_messages = warning;
SET row_security = off;

--
-- Name: actionstatus; Type: TYPE; Schema: public; Owner: postgres
--

CREATE TYPE public.actionstatus AS ENUM (
    'pending',
    'in_progress',
    'completed',
    'overdue',
    'cancelled'
);


ALTER TYPE public.actionstatus OWNER TO postgres;

--
-- Name: actiontype; Type: TYPE; Schema: public; Owner: postgres
--

CREATE TYPE public.actiontype AS ENUM (
    'corrective',
    'preventive',
    'verification'
);


ALTER TYPE public.actiontype OWNER TO postgres;

--
-- Name: capastatus; Type: TYPE; Schema: public; Owner: postgres
--

CREATE TYPE public.capastatus AS ENUM (
    'PENDING',
    'ASSIGNED',
    'IN_PROGRESS',
    'IMPLEMENTED',
    'VERIFICATION',
    'VERIFIED',
    'REJECTED',
    'CLOSED'
);


ALTER TYPE public.capastatus OWNER TO postgres;

--
-- Name: evidencetype; Type: TYPE; Schema: public; Owner: postgres
--

CREATE TYPE public.evidencetype AS ENUM (
    'OBSERVATION',
    'DOCUMENT',
    'INTERVIEW',
    'MEASUREMENT'
);


ALTER TYPE public.evidencetype OWNER TO postgres;

--
-- Name: notificationstatus; Type: TYPE; Schema: public; Owner: postgres
--

CREATE TYPE public.notificationstatus AS ENUM (
    'UNREAD',
    'READ',
    'ARCHIVED'
);


ALTER TYPE public.notificationstatus OWNER TO postgres;

--
-- Name: notificationtype; Type: TYPE; Schema: public; Owner: postgres
--

CREATE TYPE public.notificationtype AS ENUM (
    'ROUND_ASSIGNED',
    'ROUND_REMINDER',
    'ROUND_DEADLINE',
    'CAPA_ASSIGNED',
    'CAPA_DEADLINE',
    'SYSTEM_UPDATE',
    'GENERAL'
);


ALTER TYPE public.notificationtype OWNER TO postgres;

--
-- Name: priority; Type: TYPE; Schema: public; Owner: postgres
--

CREATE TYPE public.priority AS ENUM (
    'low',
    'medium',
    'high',
    'critical'
);


ALTER TYPE public.priority OWNER TO postgres;

--
-- Name: risklevel; Type: TYPE; Schema: public; Owner: postgres
--

CREATE TYPE public.risklevel AS ENUM (
    'MINOR',
    'MAJOR',
    'CRITICAL'
);


ALTER TYPE public.risklevel OWNER TO postgres;

--
-- Name: roundstatus; Type: TYPE; Schema: public; Owner: postgres
--

CREATE TYPE public.roundstatus AS ENUM (
    'SCHEDULED',
    'IN_PROGRESS',
    'PENDING_REVIEW',
    'UNDER_REVIEW',
    'COMPLETED',
    'CANCELLED',
    'ON_HOLD',
    'OVERDUE'
);


ALTER TYPE public.roundstatus OWNER TO postgres;

--
-- Name: roundtype; Type: TYPE; Schema: public; Owner: postgres
--

CREATE TYPE public.roundtype AS ENUM (
    'PATIENT_SAFETY',
    'INFECTION_CONTROL',
    'HYGIENE',
    'MEDICATION_SAFETY',
    'EQUIPMENT_SAFETY',
    'ENVIRONMENTAL',
    'GENERAL'
);


ALTER TYPE public.roundtype OWNER TO postgres;

--
-- Name: userrole; Type: TYPE; Schema: public; Owner: postgres
--

CREATE TYPE public.userrole AS ENUM (
    'SUPER_ADMIN',
    'QUALITY_MANAGER',
    'DEPARTMENT_HEAD',
    'ASSESSOR',
    'VIEWER'
);


ALTER TYPE public.userrole OWNER TO postgres;

--
-- Name: verificationstatus; Type: TYPE; Schema: public; Owner: postgres
--

CREATE TYPE public.verificationstatus AS ENUM (
    'PENDING',
    'IN_REVIEW',
    'VERIFIED',
    'REJECTED'
);


ALTER TYPE public.verificationstatus OWNER TO postgres;

--
-- Name: check_overdue_capas(); Type: FUNCTION; Schema: public; Owner: postgres
--

CREATE FUNCTION public.check_overdue_capas() RETURNS TABLE(capa_id integer, days_overdue integer)
    LANGUAGE plpgsql
    AS $$
BEGIN
  RETURN QUERY
  SELECT 
    c.id,
    EXTRACT(DAYS FROM (NOW() - c.target_date))::INTEGER as days_overdue
  FROM capas c
  WHERE c.verification_status NOT IN ('verified', 'closed')
    AND c.target_date < NOW()
    AND c.escalation_level < 3; -- Max 3 escalation levels
END;
$$;


ALTER FUNCTION public.check_overdue_capas() OWNER TO postgres;

--
-- Name: update_capa_status_history(); Type: FUNCTION; Schema: public; Owner: postgres
--

CREATE FUNCTION public.update_capa_status_history() RETURNS trigger
    LANGUAGE plpgsql
    AS $$
BEGIN
  -- Only update if status actually changed
  IF OLD.status IS DISTINCT FROM NEW.status THEN
    -- Add new status change to history
    NEW.status_history = COALESCE(NEW.status_history, '[]'::jsonb) || 
      jsonb_build_object(
        'timestamp', NOW(),
        'user_id', NEW.created_by_id,
        'from_status', OLD.status,
        'to_status', NEW.status,
        'note', 'Status updated'
      );
  END IF;
  
  RETURN NEW;
END;
$$;


ALTER FUNCTION public.update_capa_status_history() OWNER TO postgres;

--
-- Name: update_updated_at_column(); Type: FUNCTION; Schema: public; Owner: postgres
--

CREATE FUNCTION public.update_updated_at_column() RETURNS trigger
    LANGUAGE plpgsql
    AS $$
                    BEGIN
                        NEW.updated_at = NOW();
                        RETURN NEW;
                    END;
                    $$;


ALTER FUNCTION public.update_updated_at_column() OWNER TO postgres;

SET default_tablespace = '';

SET default_table_access_method = heap;

--
-- Name: audit_logs; Type: TABLE; Schema: public; Owner: postgres
--

CREATE TABLE public.audit_logs (
    id integer NOT NULL,
    user_id integer NOT NULL,
    action character varying NOT NULL,
    entity_type character varying NOT NULL,
    entity_id integer,
    old_values text,
    new_values text,
    ip_address character varying,
    user_agent text,
    created_at timestamp with time zone DEFAULT now()
);


ALTER TABLE public.audit_logs OWNER TO postgres;

--
-- Name: audit_logs_id_seq; Type: SEQUENCE; Schema: public; Owner: postgres
--

CREATE SEQUENCE public.audit_logs_id_seq
    AS integer
    START WITH 1
    INCREMENT BY 1
    NO MINVALUE
    NO MAXVALUE
    CACHE 1;


ALTER SEQUENCE public.audit_logs_id_seq OWNER TO postgres;

--
-- Name: audit_logs_id_seq; Type: SEQUENCE OWNED BY; Schema: public; Owner: postgres
--

ALTER SEQUENCE public.audit_logs_id_seq OWNED BY public.audit_logs.id;


--
-- Name: capa_actions; Type: TABLE; Schema: public; Owner: postgres
--

CREATE TABLE public.capa_actions (
    id integer NOT NULL,
    capa_id integer NOT NULL,
    action_type character varying(50) NOT NULL,
    task text NOT NULL,
    due_date timestamp with time zone,
    assigned_to character varying(255),
    assigned_to_id integer,
    notes text,
    status character varying(50) DEFAULT 'open'::character varying NOT NULL,
    completed_at timestamp with time zone,
    completed_by_id integer,
    required boolean DEFAULT true,
    created_at timestamp with time zone DEFAULT now() NOT NULL,
    updated_at timestamp with time zone DEFAULT now() NOT NULL
);


ALTER TABLE public.capa_actions OWNER TO postgres;

--
-- Name: capa_actions_id_seq; Type: SEQUENCE; Schema: public; Owner: postgres
--

CREATE SEQUENCE public.capa_actions_id_seq
    AS integer
    START WITH 1
    INCREMENT BY 1
    NO MINVALUE
    NO MAXVALUE
    CACHE 1;


ALTER SEQUENCE public.capa_actions_id_seq OWNER TO postgres;

--
-- Name: capa_actions_id_seq; Type: SEQUENCE OWNED BY; Schema: public; Owner: postgres
--

ALTER SEQUENCE public.capa_actions_id_seq OWNED BY public.capa_actions.id;


--
-- Name: capas; Type: TABLE; Schema: public; Owner: postgres
--

CREATE TABLE public.capas (
    id integer NOT NULL,
    title character varying(200) NOT NULL,
    description text NOT NULL,
    round_id integer,
    department character varying(100) NOT NULL,
    priority character varying(10) DEFAULT 'medium'::character varying,
    status character varying(20) DEFAULT 'pending'::character varying,
    assigned_to character varying(100),
    target_date timestamp with time zone NOT NULL,
    created_by_id integer NOT NULL,
    created_at timestamp with time zone DEFAULT CURRENT_TIMESTAMP,
    risk_score integer,
    assigned_to_id integer,
    evaluation_item_id integer,
    root_cause text,
    corrective_actions jsonb DEFAULT '[]'::jsonb,
    preventive_actions jsonb DEFAULT '[]'::jsonb,
    verification_steps jsonb DEFAULT '[]'::jsonb,
    verification_status character varying(20) DEFAULT 'pending'::character varying,
    severity smallint DEFAULT 3,
    estimated_cost numeric,
    status_history jsonb DEFAULT '[]'::jsonb,
    sla_days integer DEFAULT 14,
    escalation_level integer DEFAULT 0,
    closed_at timestamp with time zone,
    CONSTRAINT capas_escalation_level_check CHECK ((escalation_level >= 0)),
    CONSTRAINT capas_priority_check CHECK (((priority)::text = ANY ((ARRAY['low'::character varying, 'medium'::character varying, 'high'::character varying, 'urgent'::character varying])::text[]))),
    CONSTRAINT capas_severity_check CHECK (((severity >= 1) AND (severity <= 5))),
    CONSTRAINT capas_sla_days_check CHECK ((sla_days > 0)),
    CONSTRAINT capas_status_check CHECK (((status)::text = ANY ((ARRAY['PENDING'::character varying, 'ASSIGNED'::character varying, 'IN_PROGRESS'::character varying, 'IMPLEMENTED'::character varying, 'VERIFICATION'::character varying, 'VERIFIED'::character varying, 'REJECTED'::character varying, 'CLOSED'::character varying])::text[]))),
    CONSTRAINT capas_verification_status_check CHECK (((verification_status)::text = ANY (ARRAY[('pending'::character varying)::text, ('in_review'::character varying)::text, ('verified'::character varying)::text, ('rejected'::character varying)::text])))
);


ALTER TABLE public.capas OWNER TO postgres;

--
-- Name: TABLE capas; Type: COMMENT; Schema: public; Owner: postgres
--

COMMENT ON TABLE public.capas IS 'جدول الخطط التصحيحية والوقائية';


--
-- Name: COLUMN capas.root_cause; Type: COMMENT; Schema: public; Owner: postgres
--

COMMENT ON COLUMN public.capas.root_cause IS 'Root cause analysis of the issue';


--
-- Name: COLUMN capas.corrective_actions; Type: COMMENT; Schema: public; Owner: postgres
--

COMMENT ON COLUMN public.capas.corrective_actions IS 'JSON array of corrective actions with due dates and assignees';


--
-- Name: COLUMN capas.preventive_actions; Type: COMMENT; Schema: public; Owner: postgres
--

COMMENT ON COLUMN public.capas.preventive_actions IS 'JSON array of preventive actions to prevent recurrence';


--
-- Name: COLUMN capas.verification_steps; Type: COMMENT; Schema: public; Owner: postgres
--

COMMENT ON COLUMN public.capas.verification_steps IS 'JSON array of verification steps required for closure';


--
-- Name: COLUMN capas.verification_status; Type: COMMENT; Schema: public; Owner: postgres
--

COMMENT ON COLUMN public.capas.verification_status IS 'Current verification status: pending, in_review, verified, rejected';


--
-- Name: COLUMN capas.severity; Type: COMMENT; Schema: public; Owner: postgres
--

COMMENT ON COLUMN public.capas.severity IS 'Severity level from 1 (low) to 5 (critical)';


--
-- Name: COLUMN capas.estimated_cost; Type: COMMENT; Schema: public; Owner: postgres
--

COMMENT ON COLUMN public.capas.estimated_cost IS 'Estimated cost of implementing the CAPA';


--
-- Name: COLUMN capas.status_history; Type: COMMENT; Schema: public; Owner: postgres
--

COMMENT ON COLUMN public.capas.status_history IS 'JSON array tracking all status changes with timestamps and users';


--
-- Name: COLUMN capas.sla_days; Type: COMMENT; Schema: public; Owner: postgres
--

COMMENT ON COLUMN public.capas.sla_days IS 'Service Level Agreement days for resolution';


--
-- Name: COLUMN capas.escalation_level; Type: COMMENT; Schema: public; Owner: postgres
--

COMMENT ON COLUMN public.capas.escalation_level IS 'Number of escalation levels applied';


--
-- Name: COLUMN capas.closed_at; Type: COMMENT; Schema: public; Owner: postgres
--

COMMENT ON COLUMN public.capas.closed_at IS 'Timestamp when CAPA was closed';


--
-- Name: capa_dashboard_stats; Type: VIEW; Schema: public; Owner: postgres
--

CREATE VIEW public.capa_dashboard_stats AS
 SELECT count(*) AS total_capas,
    count(*) FILTER (WHERE ((verification_status)::text = 'pending'::text)) AS pending_capas,
    count(*) FILTER (WHERE ((verification_status)::text = 'in_review'::text)) AS in_review_capas,
    count(*) FILTER (WHERE ((verification_status)::text = 'verified'::text)) AS verified_capas,
    count(*) FILTER (WHERE ((verification_status)::text = 'rejected'::text)) AS rejected_capas,
    count(*) FILTER (WHERE (severity = 1)) AS low_severity_capas,
    count(*) FILTER (WHERE (severity = 2)) AS medium_low_severity_capas,
    count(*) FILTER (WHERE (severity = 3)) AS medium_severity_capas,
    count(*) FILTER (WHERE (severity = 4)) AS high_severity_capas,
    count(*) FILTER (WHERE (severity = 5)) AS critical_severity_capas,
    count(*) FILTER (WHERE ((target_date < now()) AND ((verification_status)::text <> ALL ((ARRAY['verified'::character varying, 'closed'::character varying])::text[])))) AS overdue_capas,
    count(*) FILTER (WHERE (escalation_level > 0)) AS escalated_capas,
    avg(severity) AS avg_severity,
    avg(escalation_level) AS avg_escalation_level
   FROM public.capas;


ALTER VIEW public.capa_dashboard_stats OWNER TO postgres;

--
-- Name: capa_progress_tracking; Type: TABLE; Schema: public; Owner: postgres
--

CREATE TABLE public.capa_progress_tracking (
    id integer NOT NULL,
    capa_id integer NOT NULL,
    action_type public.actiontype NOT NULL,
    action_id integer,
    progress_percentage integer,
    status_change character varying(50),
    notes text,
    updated_by_id integer NOT NULL,
    updated_at timestamp with time zone DEFAULT now()
);


ALTER TABLE public.capa_progress_tracking OWNER TO postgres;

--
-- Name: capa_progress_tracking_id_seq; Type: SEQUENCE; Schema: public; Owner: postgres
--

CREATE SEQUENCE public.capa_progress_tracking_id_seq
    AS integer
    START WITH 1
    INCREMENT BY 1
    NO MINVALUE
    NO MAXVALUE
    CACHE 1;


ALTER SEQUENCE public.capa_progress_tracking_id_seq OWNER TO postgres;

--
-- Name: capa_progress_tracking_id_seq; Type: SEQUENCE OWNED BY; Schema: public; Owner: postgres
--

ALTER SEQUENCE public.capa_progress_tracking_id_seq OWNED BY public.capa_progress_tracking.id;


--
-- Name: capas_id_seq; Type: SEQUENCE; Schema: public; Owner: postgres
--

CREATE SEQUENCE public.capas_id_seq
    AS integer
    START WITH 1
    INCREMENT BY 1
    NO MINVALUE
    NO MAXVALUE
    CACHE 1;


ALTER SEQUENCE public.capas_id_seq OWNER TO postgres;

--
-- Name: capas_id_seq; Type: SEQUENCE OWNED BY; Schema: public; Owner: postgres
--

ALTER SEQUENCE public.capas_id_seq OWNED BY public.capas.id;


--
-- Name: corrective_actions; Type: TABLE; Schema: public; Owner: postgres
--

CREATE TABLE public.corrective_actions (
    id integer NOT NULL,
    capa_id integer NOT NULL,
    task text NOT NULL,
    description text,
    assigned_to_id integer,
    due_date date,
    completed_date date,
    status public.actionstatus DEFAULT 'pending'::public.actionstatus,
    completion_percentage integer DEFAULT 0,
    notes text,
    created_at timestamp with time zone DEFAULT now(),
    updated_at timestamp with time zone DEFAULT now()
);


ALTER TABLE public.corrective_actions OWNER TO postgres;

--
-- Name: corrective_actions_id_seq; Type: SEQUENCE; Schema: public; Owner: postgres
--

CREATE SEQUENCE public.corrective_actions_id_seq
    AS integer
    START WITH 1
    INCREMENT BY 1
    NO MINVALUE
    NO MAXVALUE
    CACHE 1;


ALTER SEQUENCE public.corrective_actions_id_seq OWNER TO postgres;

--
-- Name: corrective_actions_id_seq; Type: SEQUENCE OWNED BY; Schema: public; Owner: postgres
--

ALTER SEQUENCE public.corrective_actions_id_seq OWNED BY public.corrective_actions.id;


--
-- Name: departments; Type: TABLE; Schema: public; Owner: postgres
--

CREATE TABLE public.departments (
    id integer NOT NULL,
    name character varying(100) NOT NULL,
    name_en character varying(100),
    code character varying(20) NOT NULL,
    description text,
    location character varying(100),
    floor character varying(20),
    building character varying(50),
    is_active boolean DEFAULT true,
    created_at timestamp with time zone DEFAULT CURRENT_TIMESTAMP,
    managers text
);


ALTER TABLE public.departments OWNER TO postgres;

--
-- Name: TABLE departments; Type: COMMENT; Schema: public; Owner: postgres
--

COMMENT ON TABLE public.departments IS 'جدول الأقسام والإدارات';


--
-- Name: COLUMN departments.managers; Type: COMMENT; Schema: public; Owner: postgres
--

COMMENT ON COLUMN public.departments.managers IS 'JSON string containing array of user IDs for department managers';


--
-- Name: departments_id_seq; Type: SEQUENCE; Schema: public; Owner: postgres
--

CREATE SEQUENCE public.departments_id_seq
    AS integer
    START WITH 1
    INCREMENT BY 1
    NO MINVALUE
    NO MAXVALUE
    CACHE 1;


ALTER SEQUENCE public.departments_id_seq OWNER TO postgres;

--
-- Name: departments_id_seq; Type: SEQUENCE OWNED BY; Schema: public; Owner: postgres
--

ALTER SEQUENCE public.departments_id_seq OWNED BY public.departments.id;


--
-- Name: evaluation_categories; Type: TABLE; Schema: public; Owner: postgres
--

CREATE TABLE public.evaluation_categories (
    id integer NOT NULL,
    name character varying(100) NOT NULL,
    name_en character varying(100),
    description text,
    color character varying(20) DEFAULT 'blue'::character varying,
    icon character varying(50) DEFAULT 'shield'::character varying,
    is_active boolean DEFAULT true,
    created_at timestamp with time zone DEFAULT CURRENT_TIMESTAMP,
    updated_at timestamp with time zone DEFAULT CURRENT_TIMESTAMP
);


ALTER TABLE public.evaluation_categories OWNER TO postgres;

--
-- Name: TABLE evaluation_categories; Type: COMMENT; Schema: public; Owner: postgres
--

COMMENT ON TABLE public.evaluation_categories IS 'جدول تصنيفات عناصر التقييم';


--
-- Name: evaluation_categories_id_seq; Type: SEQUENCE; Schema: public; Owner: postgres
--

CREATE SEQUENCE public.evaluation_categories_id_seq
    AS integer
    START WITH 1
    INCREMENT BY 1
    NO MINVALUE
    NO MAXVALUE
    CACHE 1;


ALTER SEQUENCE public.evaluation_categories_id_seq OWNER TO postgres;

--
-- Name: evaluation_categories_id_seq; Type: SEQUENCE OWNED BY; Schema: public; Owner: postgres
--

ALTER SEQUENCE public.evaluation_categories_id_seq OWNED BY public.evaluation_categories.id;


--
-- Name: evaluation_comment_templates; Type: TABLE; Schema: public; Owner: postgres
--

CREATE TABLE public.evaluation_comment_templates (
    id integer NOT NULL,
    evaluation_item_id integer,
    category_id integer,
    comment_text_ar text NOT NULL,
    comment_text_en text,
    usage_count integer,
    created_by integer,
    is_public boolean,
    created_at timestamp with time zone DEFAULT now(),
    updated_at timestamp with time zone DEFAULT now()
);


ALTER TABLE public.evaluation_comment_templates OWNER TO postgres;

--
-- Name: evaluation_comment_templates_id_seq; Type: SEQUENCE; Schema: public; Owner: postgres
--

CREATE SEQUENCE public.evaluation_comment_templates_id_seq
    AS integer
    START WITH 1
    INCREMENT BY 1
    NO MINVALUE
    NO MAXVALUE
    CACHE 1;


ALTER SEQUENCE public.evaluation_comment_templates_id_seq OWNER TO postgres;

--
-- Name: evaluation_comment_templates_id_seq; Type: SEQUENCE OWNED BY; Schema: public; Owner: postgres
--

ALTER SEQUENCE public.evaluation_comment_templates_id_seq OWNED BY public.evaluation_comment_templates.id;


--
-- Name: evaluation_items; Type: TABLE; Schema: public; Owner: postgres
--

CREATE TABLE public.evaluation_items (
    id integer NOT NULL,
    code character varying(50) NOT NULL,
    title character varying(200) NOT NULL,
    title_en character varying(200),
    description text,
    objective text,
    category_id integer NOT NULL,
    category_name character varying(100) NOT NULL,
    category_color character varying(20) NOT NULL,
    is_active boolean DEFAULT true,
    is_required boolean DEFAULT false,
    weight integer DEFAULT 1,
    risk_level character varying(20) DEFAULT 'MINOR'::character varying,
    evidence_type text DEFAULT 'OBSERVATION'::character varying,
    guidance_ar text,
    guidance_en text,
    standard_version character varying(20),
    created_at timestamp with time zone DEFAULT CURRENT_TIMESTAMP,
    updated_at timestamp with time zone DEFAULT CURRENT_TIMESTAMP,
    CONSTRAINT evaluation_items_risk_level_check CHECK (((risk_level)::text = ANY ((ARRAY['MINOR'::character varying, 'MAJOR'::character varying, 'CRITICAL'::character varying])::text[])))
);


ALTER TABLE public.evaluation_items OWNER TO postgres;

--
-- Name: TABLE evaluation_items; Type: COMMENT; Schema: public; Owner: postgres
--

COMMENT ON TABLE public.evaluation_items IS 'جدول عناصر التقييم والمعايير';


--
-- Name: COLUMN evaluation_items.evidence_type; Type: COMMENT; Schema: public; Owner: postgres
--

COMMENT ON COLUMN public.evaluation_items.evidence_type IS 'أنواع الدليل المقبولة: OBSERVATION,DOCUMENT,INTERVIEW,MEASUREMENT,PHOTO (مفصولة بفاصلة)';


--
-- Name: evaluation_items_id_seq; Type: SEQUENCE; Schema: public; Owner: postgres
--

CREATE SEQUENCE public.evaluation_items_id_seq
    AS integer
    START WITH 1
    INCREMENT BY 1
    NO MINVALUE
    NO MAXVALUE
    CACHE 1;


ALTER SEQUENCE public.evaluation_items_id_seq OWNER TO postgres;

--
-- Name: evaluation_items_id_seq; Type: SEQUENCE OWNED BY; Schema: public; Owner: postgres
--

ALTER SEQUENCE public.evaluation_items_id_seq OWNED BY public.evaluation_items.id;


--
-- Name: evaluation_results; Type: TABLE; Schema: public; Owner: postgres
--

CREATE TABLE public.evaluation_results (
    id integer NOT NULL,
    round_id integer NOT NULL,
    item_id integer NOT NULL,
    score integer NOT NULL,
    comments text,
    evidence_files text,
    evaluated_by integer NOT NULL,
    evaluated_at timestamp with time zone DEFAULT CURRENT_TIMESTAMP,
    CONSTRAINT evaluation_results_score_check CHECK (((score >= 0) AND (score <= 100)))
);


ALTER TABLE public.evaluation_results OWNER TO postgres;

--
-- Name: TABLE evaluation_results; Type: COMMENT; Schema: public; Owner: postgres
--

COMMENT ON TABLE public.evaluation_results IS 'جدول نتائج التقييم والدرجات';


--
-- Name: evaluation_results_id_seq; Type: SEQUENCE; Schema: public; Owner: postgres
--

CREATE SEQUENCE public.evaluation_results_id_seq
    AS integer
    START WITH 1
    INCREMENT BY 1
    NO MINVALUE
    NO MAXVALUE
    CACHE 1;


ALTER SEQUENCE public.evaluation_results_id_seq OWNER TO postgres;

--
-- Name: evaluation_results_id_seq; Type: SEQUENCE OWNED BY; Schema: public; Owner: postgres
--

ALTER SEQUENCE public.evaluation_results_id_seq OWNED BY public.evaluation_results.id;


--
-- Name: notifications; Type: TABLE; Schema: public; Owner: postgres
--

CREATE TABLE public.notifications (
    id integer NOT NULL,
    user_id integer NOT NULL,
    title character varying(200) NOT NULL,
    message text NOT NULL,
    notification_type character varying(50) NOT NULL,
    status character varying(20) DEFAULT 'unread'::character varying,
    entity_type character varying(50),
    entity_id integer,
    is_email_sent boolean DEFAULT false,
    email_sent_at timestamp with time zone,
    created_at timestamp with time zone DEFAULT CURRENT_TIMESTAMP,
    read_at timestamp with time zone,
    CONSTRAINT notifications_notification_type_check CHECK (((notification_type)::text = ANY ((ARRAY['round_assigned'::character varying, 'round_reminder'::character varying, 'round_deadline'::character varying, 'capa_assigned'::character varying, 'capa_deadline'::character varying, 'system_update'::character varying, 'general'::character varying])::text[]))),
    CONSTRAINT notifications_status_check CHECK (((status)::text = ANY ((ARRAY['unread'::character varying, 'read'::character varying, 'archived'::character varying])::text[])))
);


ALTER TABLE public.notifications OWNER TO postgres;

--
-- Name: notifications_id_seq; Type: SEQUENCE; Schema: public; Owner: postgres
--

CREATE SEQUENCE public.notifications_id_seq
    AS integer
    START WITH 1
    INCREMENT BY 1
    NO MINVALUE
    NO MAXVALUE
    CACHE 1;


ALTER SEQUENCE public.notifications_id_seq OWNER TO postgres;

--
-- Name: notifications_id_seq; Type: SEQUENCE OWNED BY; Schema: public; Owner: postgres
--

ALTER SEQUENCE public.notifications_id_seq OWNED BY public.notifications.id;


--
-- Name: objective_options; Type: TABLE; Schema: public; Owner: postgres
--

CREATE TABLE public.objective_options (
    id integer NOT NULL,
    name character varying NOT NULL,
    description text,
    is_active boolean,
    created_at timestamp with time zone DEFAULT now(),
    updated_at timestamp with time zone DEFAULT now()
);


ALTER TABLE public.objective_options OWNER TO postgres;

--
-- Name: objective_options_id_seq; Type: SEQUENCE; Schema: public; Owner: postgres
--

CREATE SEQUENCE public.objective_options_id_seq
    AS integer
    START WITH 1
    INCREMENT BY 1
    NO MINVALUE
    NO MAXVALUE
    CACHE 1;


ALTER SEQUENCE public.objective_options_id_seq OWNER TO postgres;

--
-- Name: objective_options_id_seq; Type: SEQUENCE OWNED BY; Schema: public; Owner: postgres
--

ALTER SEQUENCE public.objective_options_id_seq OWNED BY public.objective_options.id;


--
-- Name: preventive_actions; Type: TABLE; Schema: public; Owner: postgres
--

CREATE TABLE public.preventive_actions (
    id integer NOT NULL,
    capa_id integer NOT NULL,
    task text NOT NULL,
    description text,
    assigned_to_id integer,
    due_date date,
    completed_date date,
    status public.actionstatus DEFAULT 'pending'::public.actionstatus,
    completion_percentage integer DEFAULT 0,
    notes text,
    created_at timestamp with time zone DEFAULT now(),
    updated_at timestamp with time zone DEFAULT now()
);


ALTER TABLE public.preventive_actions OWNER TO postgres;

--
-- Name: preventive_actions_id_seq; Type: SEQUENCE; Schema: public; Owner: postgres
--

CREATE SEQUENCE public.preventive_actions_id_seq
    AS integer
    START WITH 1
    INCREMENT BY 1
    NO MINVALUE
    NO MAXVALUE
    CACHE 1;


ALTER SEQUENCE public.preventive_actions_id_seq OWNER TO postgres;

--
-- Name: preventive_actions_id_seq; Type: SEQUENCE OWNED BY; Schema: public; Owner: postgres
--

ALTER SEQUENCE public.preventive_actions_id_seq OWNED BY public.preventive_actions.id;


--
-- Name: round_types; Type: TABLE; Schema: public; Owner: postgres
--

CREATE TABLE public.round_types (
    id integer NOT NULL,
    name character varying NOT NULL,
    name_en character varying,
    description text,
    color character varying,
    icon character varying,
    is_active boolean,
    sort_order integer,
    created_at timestamp with time zone DEFAULT now(),
    updated_at timestamp with time zone DEFAULT now()
);


ALTER TABLE public.round_types OWNER TO postgres;

--
-- Name: round_types_id_seq; Type: SEQUENCE; Schema: public; Owner: postgres
--

CREATE SEQUENCE public.round_types_id_seq
    AS integer
    START WITH 1
    INCREMENT BY 1
    NO MINVALUE
    NO MAXVALUE
    CACHE 1;


ALTER SEQUENCE public.round_types_id_seq OWNER TO postgres;

--
-- Name: round_types_id_seq; Type: SEQUENCE OWNED BY; Schema: public; Owner: postgres
--

ALTER SEQUENCE public.round_types_id_seq OWNED BY public.round_types.id;


--
-- Name: rounds; Type: TABLE; Schema: public; Owner: postgres
--

CREATE TABLE public.rounds (
    id integer NOT NULL,
    round_code character varying(50) NOT NULL,
    title character varying(200) NOT NULL,
    description text,
    round_type character varying(30) NOT NULL,
    department character varying(100) NOT NULL,
    assigned_to text DEFAULT '[]'::text,
    scheduled_date timestamp with time zone NOT NULL,
    status character varying(20) DEFAULT 'scheduled'::character varying,
    priority character varying(10) DEFAULT 'medium'::character varying,
    compliance_percentage integer DEFAULT 0,
    notes text,
    created_by_id integer NOT NULL,
    created_at timestamp with time zone DEFAULT CURRENT_TIMESTAMP,
    evaluation_items text DEFAULT '[]'::text,
    deadline timestamp with time zone,
    completion_percentage integer DEFAULT 0,
    end_date timestamp with time zone,
    assigned_to_ids text DEFAULT '[]'::text,
    selected_categories text DEFAULT '[]'::text,
    CONSTRAINT rounds_priority_check CHECK (((priority)::text = ANY ((ARRAY['low'::character varying, 'medium'::character varying, 'high'::character varying, 'urgent'::character varying])::text[]))),
    CONSTRAINT rounds_round_type_check CHECK (((round_type)::text = ANY ((ARRAY['PATIENT_SAFETY'::character varying, 'INFECTION_CONTROL'::character varying, 'HYGIENE'::character varying, 'MEDICATION_SAFETY'::character varying, 'EQUIPMENT_SAFETY'::character varying, 'ENVIRONMENTAL'::character varying, 'GENERAL'::character varying])::text[]))),
    CONSTRAINT rounds_status_check CHECK (((status)::text = ANY ((ARRAY['SCHEDULED'::character varying, 'IN_PROGRESS'::character varying, 'PENDING_REVIEW'::character varying, 'UNDER_REVIEW'::character varying, 'COMPLETED'::character varying, 'CANCELLED'::character varying, 'ON_HOLD'::character varying, 'OVERDUE'::character varying])::text[])))
);


ALTER TABLE public.rounds OWNER TO postgres;

--
-- Name: TABLE rounds; Type: COMMENT; Schema: public; Owner: postgres
--

COMMENT ON TABLE public.rounds IS 'جدول جولات التقييم والمراجعة';


--
-- Name: COLUMN rounds.completion_percentage; Type: COMMENT; Schema: public; Owner: postgres
--

COMMENT ON COLUMN public.rounds.completion_percentage IS 'Percentage of evaluation items completed (0-100)';


--
-- Name: rounds_id_seq; Type: SEQUENCE; Schema: public; Owner: postgres
--

CREATE SEQUENCE public.rounds_id_seq
    AS integer
    START WITH 1
    INCREMENT BY 1
    NO MINVALUE
    NO MAXVALUE
    CACHE 1;


ALTER SEQUENCE public.rounds_id_seq OWNER TO postgres;

--
-- Name: rounds_id_seq; Type: SEQUENCE OWNED BY; Schema: public; Owner: postgres
--

ALTER SEQUENCE public.rounds_id_seq OWNED BY public.rounds.id;


--
-- Name: user_notification_settings; Type: TABLE; Schema: public; Owner: postgres
--

CREATE TABLE public.user_notification_settings (
    id integer NOT NULL,
    user_id integer NOT NULL,
    email_notifications boolean DEFAULT true,
    sms_notifications boolean DEFAULT false,
    round_assignments boolean DEFAULT true,
    round_reminders boolean DEFAULT true,
    round_deadlines boolean DEFAULT true,
    capa_assignments boolean DEFAULT true,
    capa_deadlines boolean DEFAULT true,
    system_updates boolean DEFAULT false,
    weekly_reports boolean DEFAULT true,
    created_at timestamp with time zone DEFAULT CURRENT_TIMESTAMP,
    updated_at timestamp with time zone DEFAULT CURRENT_TIMESTAMP
);


ALTER TABLE public.user_notification_settings OWNER TO postgres;

--
-- Name: user_notification_settings_id_seq; Type: SEQUENCE; Schema: public; Owner: postgres
--

CREATE SEQUENCE public.user_notification_settings_id_seq
    AS integer
    START WITH 1
    INCREMENT BY 1
    NO MINVALUE
    NO MAXVALUE
    CACHE 1;


ALTER SEQUENCE public.user_notification_settings_id_seq OWNER TO postgres;

--
-- Name: user_notification_settings_id_seq; Type: SEQUENCE OWNED BY; Schema: public; Owner: postgres
--

ALTER SEQUENCE public.user_notification_settings_id_seq OWNED BY public.user_notification_settings.id;


--
-- Name: users; Type: TABLE; Schema: public; Owner: postgres
--

CREATE TABLE public.users (
    id integer NOT NULL,
    username character varying(50) NOT NULL,
    email character varying(100) NOT NULL,
    hashed_password character varying(255) NOT NULL,
    first_name character varying(50) NOT NULL,
    last_name character varying(50) NOT NULL,
    role character varying(20) DEFAULT 'viewer'::character varying,
    department character varying(100),
    phone character varying(20),
    "position" character varying(100),
    is_active boolean DEFAULT true,
    last_login timestamp with time zone,
    created_at timestamp with time zone DEFAULT CURRENT_TIMESTAMP,
    photo_url text,
    CONSTRAINT users_role_check CHECK (((role)::text = ANY ((ARRAY['SUPER_ADMIN'::character varying, 'QUALITY_MANAGER'::character varying, 'DEPARTMENT_HEAD'::character varying, 'ASSESSOR'::character varying, 'VIEWER'::character varying])::text[])))
);


ALTER TABLE public.users OWNER TO postgres;

--
-- Name: TABLE users; Type: COMMENT; Schema: public; Owner: postgres
--

COMMENT ON TABLE public.users IS 'جدول المستخدمين والصلاحيات';


--
-- Name: COLUMN users.photo_url; Type: COMMENT; Schema: public; Owner: postgres
--

COMMENT ON COLUMN public.users.photo_url IS 'URL or base64 encoded user profile photo (TEXT type for large images)';


--
-- Name: users_id_seq; Type: SEQUENCE; Schema: public; Owner: postgres
--

CREATE SEQUENCE public.users_id_seq
    AS integer
    START WITH 1
    INCREMENT BY 1
    NO MINVALUE
    NO MAXVALUE
    CACHE 1;


ALTER SEQUENCE public.users_id_seq OWNER TO postgres;

--
-- Name: users_id_seq; Type: SEQUENCE OWNED BY; Schema: public; Owner: postgres
--

ALTER SEQUENCE public.users_id_seq OWNED BY public.users.id;


--
-- Name: verification_steps; Type: TABLE; Schema: public; Owner: postgres
--

CREATE TABLE public.verification_steps (
    id integer NOT NULL,
    capa_id integer NOT NULL,
    step text NOT NULL,
    description text,
    required boolean DEFAULT true,
    assigned_to_id integer,
    due_date date,
    completed_date date,
    completed boolean DEFAULT false,
    notes text,
    created_at timestamp with time zone DEFAULT now(),
    updated_at timestamp with time zone DEFAULT now()
);


ALTER TABLE public.verification_steps OWNER TO postgres;

--
-- Name: verification_steps_id_seq; Type: SEQUENCE; Schema: public; Owner: postgres
--

CREATE SEQUENCE public.verification_steps_id_seq
    AS integer
    START WITH 1
    INCREMENT BY 1
    NO MINVALUE
    NO MAXVALUE
    CACHE 1;


ALTER SEQUENCE public.verification_steps_id_seq OWNER TO postgres;

--
-- Name: verification_steps_id_seq; Type: SEQUENCE OWNED BY; Schema: public; Owner: postgres
--

ALTER SEQUENCE public.verification_steps_id_seq OWNED BY public.verification_steps.id;


--
-- Name: audit_logs id; Type: DEFAULT; Schema: public; Owner: postgres
--

ALTER TABLE ONLY public.audit_logs ALTER COLUMN id SET DEFAULT nextval('public.audit_logs_id_seq'::regclass);


--
-- Name: capa_actions id; Type: DEFAULT; Schema: public; Owner: postgres
--

ALTER TABLE ONLY public.capa_actions ALTER COLUMN id SET DEFAULT nextval('public.capa_actions_id_seq'::regclass);


--
-- Name: capa_progress_tracking id; Type: DEFAULT; Schema: public; Owner: postgres
--

ALTER TABLE ONLY public.capa_progress_tracking ALTER COLUMN id SET DEFAULT nextval('public.capa_progress_tracking_id_seq'::regclass);


--
-- Name: capas id; Type: DEFAULT; Schema: public; Owner: postgres
--

ALTER TABLE ONLY public.capas ALTER COLUMN id SET DEFAULT nextval('public.capas_id_seq'::regclass);


--
-- Name: corrective_actions id; Type: DEFAULT; Schema: public; Owner: postgres
--

ALTER TABLE ONLY public.corrective_actions ALTER COLUMN id SET DEFAULT nextval('public.corrective_actions_id_seq'::regclass);


--
-- Name: departments id; Type: DEFAULT; Schema: public; Owner: postgres
--

ALTER TABLE ONLY public.departments ALTER COLUMN id SET DEFAULT nextval('public.departments_id_seq'::regclass);


--
-- Name: evaluation_categories id; Type: DEFAULT; Schema: public; Owner: postgres
--

ALTER TABLE ONLY public.evaluation_categories ALTER COLUMN id SET DEFAULT nextval('public.evaluation_categories_id_seq'::regclass);


--
-- Name: evaluation_comment_templates id; Type: DEFAULT; Schema: public; Owner: postgres
--

ALTER TABLE ONLY public.evaluation_comment_templates ALTER COLUMN id SET DEFAULT nextval('public.evaluation_comment_templates_id_seq'::regclass);


--
-- Name: evaluation_items id; Type: DEFAULT; Schema: public; Owner: postgres
--

ALTER TABLE ONLY public.evaluation_items ALTER COLUMN id SET DEFAULT nextval('public.evaluation_items_id_seq'::regclass);


--
-- Name: evaluation_results id; Type: DEFAULT; Schema: public; Owner: postgres
--

ALTER TABLE ONLY public.evaluation_results ALTER COLUMN id SET DEFAULT nextval('public.evaluation_results_id_seq'::regclass);


--
-- Name: notifications id; Type: DEFAULT; Schema: public; Owner: postgres
--

ALTER TABLE ONLY public.notifications ALTER COLUMN id SET DEFAULT nextval('public.notifications_id_seq'::regclass);


--
-- Name: objective_options id; Type: DEFAULT; Schema: public; Owner: postgres
--

ALTER TABLE ONLY public.objective_options ALTER COLUMN id SET DEFAULT nextval('public.objective_options_id_seq'::regclass);


--
-- Name: preventive_actions id; Type: DEFAULT; Schema: public; Owner: postgres
--

ALTER TABLE ONLY public.preventive_actions ALTER COLUMN id SET DEFAULT nextval('public.preventive_actions_id_seq'::regclass);


--
-- Name: round_types id; Type: DEFAULT; Schema: public; Owner: postgres
--

ALTER TABLE ONLY public.round_types ALTER COLUMN id SET DEFAULT nextval('public.round_types_id_seq'::regclass);


--
-- Name: rounds id; Type: DEFAULT; Schema: public; Owner: postgres
--

ALTER TABLE ONLY public.rounds ALTER COLUMN id SET DEFAULT nextval('public.rounds_id_seq'::regclass);


--
-- Name: user_notification_settings id; Type: DEFAULT; Schema: public; Owner: postgres
--

ALTER TABLE ONLY public.user_notification_settings ALTER COLUMN id SET DEFAULT nextval('public.user_notification_settings_id_seq'::regclass);


--
-- Name: users id; Type: DEFAULT; Schema: public; Owner: postgres
--

ALTER TABLE ONLY public.users ALTER COLUMN id SET DEFAULT nextval('public.users_id_seq'::regclass);


--
-- Name: verification_steps id; Type: DEFAULT; Schema: public; Owner: postgres
--

ALTER TABLE ONLY public.verification_steps ALTER COLUMN id SET DEFAULT nextval('public.verification_steps_id_seq'::regclass);


--
-- Data for Name: audit_logs; Type: TABLE DATA; Schema: public; Owner: postgres
--

COPY public.audit_logs (id, user_id, action, entity_type, entity_id, old_values, new_values, ip_address, user_agent, created_at) FROM stdin;
1	1	create_capa	capa	137	\N	{"title": "\\u062e\\u0637\\u0629 \\u062a\\u0635\\u062d\\u064a\\u062d\\u064a\\u0629 \\u0644\\u0639\\u0646\\u0635\\u0631: \\u0639\\u0646\\u0635\\u0631 35", "department": "\\u062a\\u0646\\u0648\\u064a\\u0645 \\u0627\\u0644\\u0628\\u0627\\u0637\\u0646\\u064a\\u0629 \\u0646\\u0633\\u0627\\u0621"}	\N	\N	2025-09-24 13:31:28.518448+03
2	1	create_capa	capa	138	\N	{"title": "\\u062e\\u0637\\u0629 \\u062a\\u0635\\u062d\\u064a\\u062d\\u064a\\u0629 \\u0644\\u0639\\u0646\\u0635\\u0631: \\u0639\\u0646\\u0635\\u0631 35", "department": "\\u062a\\u0646\\u0648\\u064a\\u0645 \\u0627\\u0644\\u0628\\u0627\\u0637\\u0646\\u064a\\u0629 \\u0646\\u0633\\u0627\\u0621"}	\N	\N	2025-09-24 13:31:34.65172+03
3	1	create_capa	capa	139	\N	{"title": "\\u062e\\u0637\\u0629 \\u062a\\u0635\\u062d\\u064a\\u062d\\u064a\\u0629 \\u0644\\u0639\\u0646\\u0635\\u0631: \\u0639\\u0646\\u0635\\u0631 35", "department": "\\u062a\\u0646\\u0648\\u064a\\u0645 \\u0627\\u0644\\u0628\\u0627\\u0637\\u0646\\u064a\\u0629 \\u0646\\u0633\\u0627\\u0621"}	\N	\N	2025-09-24 13:31:38.174762+03
4	1	create_capa	capa	140	\N	{"title": "\\u062e\\u0637\\u0629 \\u062a\\u0635\\u062d\\u064a\\u062d\\u064a\\u0629 \\u0644\\u0639\\u0646\\u0635\\u0631: \\u0639\\u0646\\u0635\\u0631 35", "department": "\\u062a\\u0646\\u0648\\u064a\\u0645 \\u0627\\u0644\\u0628\\u0627\\u0637\\u0646\\u064a\\u0629 \\u0646\\u0633\\u0627\\u0621"}	\N	\N	2025-09-24 13:31:44.478834+03
5	1	create_capa	capa	141	\N	{"title": "\\u062e\\u0637\\u0629 \\u062a\\u0635\\u062d\\u064a\\u062d\\u064a\\u0629 \\u0644\\u0639\\u0646\\u0635\\u0631: \\u0639\\u0646\\u0635\\u0631 35", "department": "\\u062a\\u0646\\u0648\\u064a\\u0645 \\u0627\\u0644\\u0628\\u0627\\u0637\\u0646\\u064a\\u0629 \\u0646\\u0633\\u0627\\u0621"}	\N	\N	2025-09-24 13:31:47.547633+03
6	1	create_capa	capa	142	\N	{"title": "\\u062e\\u0637\\u0629 \\u062a\\u0635\\u062d\\u064a\\u062d\\u064a\\u0629 \\u0644\\u0639\\u0646\\u0635\\u0631: \\u0639\\u0646\\u0635\\u0631 35", "department": "\\u062a\\u0646\\u0648\\u064a\\u0645 \\u0627\\u0644\\u0628\\u0627\\u0637\\u0646\\u064a\\u0629 \\u0646\\u0633\\u0627\\u0621"}	\N	\N	2025-09-24 13:31:50.671557+03
7	1	create_capa	capa	143	\N	{"title": "\\u062e\\u0637\\u0629 \\u062a\\u0635\\u062d\\u064a\\u062d\\u064a\\u0629 \\u0644\\u0639\\u0646\\u0635\\u0631: \\u0639\\u0646\\u0635\\u0631 19", "department": "\\u0627\\u0644\\u0639\\u0646\\u0627\\u064a\\u0629 \\u0627\\u0644\\u0645\\u0631\\u0643\\u0632\\u0629"}	\N	\N	2025-09-25 09:31:06.430191+03
8	1	create_capa	capa	144	\N	{"title": "\\u062e\\u0637\\u0629 \\u062a\\u0635\\u062d\\u064a\\u062d\\u064a\\u0629 \\u0644\\u0639\\u0646\\u0635\\u0631: \\u0639\\u0646\\u0635\\u0631 19", "department": "\\u0627\\u0644\\u0639\\u0646\\u0627\\u064a\\u0629 \\u0627\\u0644\\u0645\\u0631\\u0643\\u0632\\u0629"}	\N	\N	2025-09-25 09:31:07.940037+03
9	1	create_capa	capa	145	\N	{"title": "\\u062e\\u0637\\u0629 \\u062a\\u0635\\u062d\\u064a\\u062d\\u064a\\u0629 \\u0644\\u0639\\u0646\\u0635\\u0631: \\u0639\\u0646\\u0635\\u0631 19", "department": "\\u0627\\u0644\\u0639\\u0646\\u0627\\u064a\\u0629 \\u0627\\u0644\\u0645\\u0631\\u0643\\u0632\\u0629"}	\N	\N	2025-09-25 09:31:09.453855+03
10	1	create_capa	capa	146	\N	{"title": "\\u062e\\u0637\\u0629 \\u062a\\u0635\\u062d\\u064a\\u062d\\u064a\\u0629 \\u0644\\u0639\\u0646\\u0635\\u0631: \\u0639\\u0646\\u0635\\u0631 19", "department": "\\u0627\\u0644\\u0639\\u0646\\u0627\\u064a\\u0629 \\u0627\\u0644\\u0645\\u0631\\u0643\\u0632\\u0629"}	\N	\N	2025-09-25 09:31:11.472625+03
11	1	create_capa	capa	147	\N	{"title": "\\u062e\\u0637\\u0629 \\u062a\\u0635\\u062d\\u064a\\u062d\\u064a\\u0629 \\u0644\\u0639\\u0646\\u0635\\u0631: \\u0639\\u0646\\u0635\\u0631 19", "department": "\\u0627\\u0644\\u0639\\u0646\\u0627\\u064a\\u0629 \\u0627\\u0644\\u0645\\u0631\\u0643\\u0632\\u0629"}	\N	\N	2025-09-25 09:32:41.631752+03
12	24	create_capa	capa	274	\N	{"title": "\\u062e\\u0637\\u0629 \\u0627\\u062e\\u062a\\u0628\\u0627\\u0631 \\u0627\\u0644\\u0646\\u0638\\u0627\\u0645 \\u0627\\u0644\\u062c\\u062f\\u064a\\u062f", "department": "\\u0642\\u0633\\u0645 \\u0627\\u0644\\u0627\\u062e\\u062a\\u0628\\u0627\\u0631"}	\N	\N	2025-10-06 10:37:07.983491+03
13	1	create_capa	capa	277	\N	{"title": "\\u062e\\u0637\\u0629 \\u062a\\u0635\\u062d\\u064a\\u062d\\u064a\\u0629 \\u0644\\u0639\\u0646\\u0635\\u0631: \\u0639\\u0646\\u0635\\u0631 21", "department": "\\u0627\\u0644\\u0646\\u0633\\u0627\\u0621 \\u0648\\u0627\\u0644\\u0648\\u0644\\u0627\\u062f\\u0629"}	\N	\N	2025-10-08 11:40:41.082769+03
\.


--
-- Data for Name: capa_actions; Type: TABLE DATA; Schema: public; Owner: postgres
--

COPY public.capa_actions (id, capa_id, action_type, task, due_date, assigned_to, assigned_to_id, notes, status, completed_at, completed_by_id, required, created_at, updated_at) FROM stdin;
4	108	corrective	تحليل السبب الجذري *	2025-10-31 00:00:00+03	تحليل السبب الجذري *	\N	تحليل السبب الجذري *	open	\N	\N	t	2025-10-06 10:32:22.769431+03	2025-10-06 10:32:22.769431+03
5	109	corrective	تحليل السبب الجذري *	2025-10-18 00:00:00+03	تحليل السبب الجذري *	\N	تحليل السبب الجذري *	open	\N	\N	t	2025-10-06 10:32:22.769431+03	2025-10-06 10:32:22.769431+03
6	110	corrective	نتج عن تقييم الجولة جولة ابو يزيد العناصر التالية بحاجة لتصحيح:	2025-10-30 00:00:00+03	نتج عن تقييم الجولة جولة ابو يزيد العناصر التالية بحاجة لتصحيح:	\N	نتج عن تقييم الجولة جولة ابو يزيد العناصر التالية بحاجة لتصحيح:	open	\N	\N	t	2025-10-06 10:32:22.769431+03	2025-10-06 10:32:22.769431+03
7	137	corrective	لسيب	2025-09-25 00:00:00+03		\N		open	\N	\N	t	2025-10-06 10:32:22.769431+03	2025-10-06 10:32:22.769431+03
8	137	preventive	سيلب	2025-10-01 00:00:00+03		\N	يبل	open	\N	\N	t	2025-10-06 10:32:22.769431+03	2025-10-06 10:32:22.769431+03
9	137	verification	سلبي	\N	\N	\N	سيلب	open	\N	\N	f	2025-10-06 10:32:22.769431+03	2025-10-06 10:32:22.769431+03
10	138	corrective	لسيب	2025-09-25 00:00:00+03		\N		open	\N	\N	t	2025-10-06 10:32:22.769431+03	2025-10-06 10:32:22.769431+03
11	138	preventive	سيلب	2025-10-01 00:00:00+03		\N	يبل	open	\N	\N	t	2025-10-06 10:32:22.769431+03	2025-10-06 10:32:22.769431+03
12	138	verification	سلبي	\N	\N	\N	سيلب	open	\N	\N	f	2025-10-06 10:32:22.769431+03	2025-10-06 10:32:22.769431+03
13	139	corrective	لسيب	2025-09-25 00:00:00+03		\N		open	\N	\N	t	2025-10-06 10:32:22.769431+03	2025-10-06 10:32:22.769431+03
14	139	preventive	سيلب	2025-10-01 00:00:00+03		\N	يبل	open	\N	\N	t	2025-10-06 10:32:22.769431+03	2025-10-06 10:32:22.769431+03
15	139	verification	سلبي	\N	\N	\N	سيلب	open	\N	\N	f	2025-10-06 10:32:22.769431+03	2025-10-06 10:32:22.769431+03
16	140	corrective	لسيب	2025-09-25 00:00:00+03		\N		open	\N	\N	t	2025-10-06 10:32:22.769431+03	2025-10-06 10:32:22.769431+03
17	140	preventive	سيلب	2025-10-01 00:00:00+03		\N	يبل	open	\N	\N	t	2025-10-06 10:32:22.769431+03	2025-10-06 10:32:22.769431+03
18	140	verification	سلبي	\N	\N	\N	سيلب	open	\N	\N	f	2025-10-06 10:32:22.769431+03	2025-10-06 10:32:22.769431+03
19	141	corrective	لسيب	2025-09-25 00:00:00+03		\N		open	\N	\N	t	2025-10-06 10:32:22.769431+03	2025-10-06 10:32:22.769431+03
20	141	preventive	سيلب	2025-10-01 00:00:00+03		\N	يبل	open	\N	\N	t	2025-10-06 10:32:22.769431+03	2025-10-06 10:32:22.769431+03
21	141	verification	سلبي	\N	\N	\N	سيلب	open	\N	\N	f	2025-10-06 10:32:22.769431+03	2025-10-06 10:32:22.769431+03
22	142	corrective	لسيب	2025-09-25 00:00:00+03		\N		open	\N	\N	t	2025-10-06 10:32:22.769431+03	2025-10-06 10:32:22.769431+03
23	142	preventive	سيلب	2025-10-01 00:00:00+03		\N	يبل	open	\N	\N	t	2025-10-06 10:32:22.769431+03	2025-10-06 10:32:22.769431+03
24	142	verification	سلبي	\N	\N	\N	سيلب	open	\N	\N	f	2025-10-06 10:32:22.769431+03	2025-10-06 10:32:22.769431+03
25	143	corrective	الم ملاحظة	2025-09-25 00:00:00+03		\N	الم ملاحظة	open	\N	\N	t	2025-10-06 10:32:22.769431+03	2025-10-06 10:32:22.769431+03
26	144	corrective	الم ملاحظة	2025-09-25 00:00:00+03		\N	الم ملاحظة	open	\N	\N	t	2025-10-06 10:32:22.769431+03	2025-10-06 10:32:22.769431+03
27	145	corrective	الم ملاحظة	2025-09-25 00:00:00+03		\N	الم ملاحظة	open	\N	\N	t	2025-10-06 10:32:22.769431+03	2025-10-06 10:32:22.769431+03
28	146	corrective	الم ملاحظة	2025-09-25 00:00:00+03		\N	الم ملاحظة	open	\N	\N	t	2025-10-06 10:32:22.769431+03	2025-10-06 10:32:22.769431+03
29	147	corrective	الإجراءات التصحيحية ١	2025-10-03 00:00:00+03		\N	ملاحظات	open	\N	\N	t	2025-10-06 10:32:22.769431+03	2025-10-06 10:32:22.769431+03
30	147	preventive	الإجراءات الوقائية١	2025-10-11 00:00:00+03		\N	ملاحظات	open	\N	\N	t	2025-10-06 10:32:22.769431+03	2025-10-06 10:32:22.769431+03
31	147	verification	خطوات التحقق٢	\N	\N	\N	خطوات التحققخطوات التحقق	open	\N	\N	t	2025-10-06 10:32:22.769431+03	2025-10-06 10:32:22.769431+03
32	244	corrective	ييسبيسب	2025-10-30 00:00:00+03	سيبيسب	\N	يسبيس	open	\N	\N	t	2025-10-06 10:32:22.769431+03	2025-10-06 10:32:22.769431+03
37	274	corrective	إجراء تصحيحي محدث	2025-11-02 00:00:00+03	محمد أحمد	\N	ملاحظة جديدة	open	\N	\N	t	2025-10-06 10:37:36.328525+03	2025-10-06 10:37:36.328525+03
38	274	preventive	إجراء وقائي محدث	2025-11-12 00:00:00+03	سارة	\N	\N	open	\N	\N	t	2025-10-06 10:37:36.328525+03	2025-10-06 10:37:36.328525+03
39	274	verification	تحقق محدث	\N	\N	\N	\N	open	\N	\N	t	2025-10-06 10:37:36.328525+03	2025-10-06 10:37:36.328525+03
40	274	verification	تحقق إضافي	\N	\N	\N	\N	open	\N	\N	f	2025-10-06 10:37:36.328525+03	2025-10-06 10:37:36.328525+03
43	107	corrective	تحديث مع اجراءات	2025-10-24 00:00:00+03	تحديث مع اجراءات	\N	تحديث مع اجراءات	open	\N	\N	t	2025-10-06 10:49:02.364917+03	2025-10-06 10:49:02.364917+03
44	277	corrective	https://rollupjs.org/configuration-options/#output-manualchunks	2025-10-30 00:00:00+03	\N	\N	https://rollupjs.org/configuration-options/#output-manualchunks	open	\N	\N	t	2025-10-08 11:40:41.060888+03	2025-10-08 11:40:41.060888+03
\.


--
-- Data for Name: capa_progress_tracking; Type: TABLE DATA; Schema: public; Owner: postgres
--

COPY public.capa_progress_tracking (id, capa_id, action_type, action_id, progress_percentage, status_change, notes, updated_by_id, updated_at) FROM stdin;
\.


--
-- Data for Name: capas; Type: TABLE DATA; Schema: public; Owner: postgres
--

COPY public.capas (id, title, description, round_id, department, priority, status, assigned_to, target_date, created_by_id, created_at, risk_score, assigned_to_id, evaluation_item_id, root_cause, corrective_actions, preventive_actions, verification_steps, verification_status, severity, estimated_cost, status_history, sla_days, escalation_level, closed_at) FROM stdin;
137	خطة تصحيحية لعنصر: عنصر 35	عنصر: عنصر 35\nتفاصيل: 	\N	تنويم الباطنية نساء	medium	PENDING	لم يتم تعيين مسؤول	2025-10-24 13:31:28.496075+03	1	2025-09-24 13:31:28.494226+03	\N	\N	\N	يلس	[{"task": "لسيب", "notes": "", "status": "open", "due_date": "2025-09-25T00:00:00", "completed_at": null, "assigned_to_id": null}]	[{"task": "سيلب", "notes": "يبل", "status": "open", "due_date": "2025-10-01T00:00:00", "completed_at": null, "assigned_to_id": null}]	[{"step": "سلبي", "notes": "سيلب", "required": false, "completed": false, "completed_at": null, "completed_by_id": null}]	pending	3	-0.04	[]	14	0	\N
138	خطة تصحيحية لعنصر: عنصر 35	عنصر: عنصر 35\nتفاصيل: 	\N	تنويم الباطنية نساء	medium	PENDING	لم يتم تعيين مسؤول	2025-10-24 13:31:34.641855+03	1	2025-09-24 13:31:34.640438+03	\N	\N	\N	يلس	[{"task": "لسيب", "notes": "", "status": "open", "due_date": "2025-09-25T00:00:00", "completed_at": null, "assigned_to_id": null}]	[{"task": "سيلب", "notes": "يبل", "status": "open", "due_date": "2025-10-01T00:00:00", "completed_at": null, "assigned_to_id": null}]	[{"step": "سلبي", "notes": "سيلب", "required": false, "completed": false, "completed_at": null, "completed_by_id": null}]	pending	3	-0.04	[]	14	0	\N
139	خطة تصحيحية لعنصر: عنصر 35	عنصر: عنصر 35\nتفاصيل: 	\N	تنويم الباطنية نساء	medium	PENDING	لم يتم تعيين مسؤول	2025-10-24 13:31:38.165527+03	1	2025-09-24 13:31:38.164346+03	\N	\N	\N	يلس	[{"task": "لسيب", "notes": "", "status": "open", "due_date": "2025-09-25T00:00:00", "completed_at": null, "assigned_to_id": null}]	[{"task": "سيلب", "notes": "يبل", "status": "open", "due_date": "2025-10-01T00:00:00", "completed_at": null, "assigned_to_id": null}]	[{"step": "سلبي", "notes": "سيلب", "required": false, "completed": false, "completed_at": null, "completed_by_id": null}]	pending	3	-0.04	[]	14	0	\N
140	خطة تصحيحية لعنصر: عنصر 35	عنصر: عنصر 35\nتفاصيل: 	\N	تنويم الباطنية نساء	medium	PENDING	لم يتم تعيين مسؤول	2025-10-24 13:31:44.471666+03	1	2025-09-24 13:31:44.470848+03	\N	\N	\N	يلس	[{"task": "لسيب", "notes": "", "status": "open", "due_date": "2025-09-25T00:00:00", "completed_at": null, "assigned_to_id": null}]	[{"task": "سيلب", "notes": "يبل", "status": "open", "due_date": "2025-10-01T00:00:00", "completed_at": null, "assigned_to_id": null}]	[{"step": "سلبي", "notes": "سيلب", "required": false, "completed": false, "completed_at": null, "completed_by_id": null}]	pending	3	-0.04	[]	14	0	\N
141	خطة تصحيحية لعنصر: عنصر 35	عنصر: عنصر 35\nتفاصيل: 	\N	تنويم الباطنية نساء	medium	PENDING	لم يتم تعيين مسؤول	2025-10-24 13:31:47.533397+03	1	2025-09-24 13:31:47.532067+03	\N	\N	\N	يلس	[{"task": "لسيب", "notes": "", "status": "open", "due_date": "2025-09-25T00:00:00", "completed_at": null, "assigned_to_id": null}]	[{"task": "سيلب", "notes": "يبل", "status": "open", "due_date": "2025-10-01T00:00:00", "completed_at": null, "assigned_to_id": null}]	[{"step": "سلبي", "notes": "سيلب", "required": false, "completed": false, "completed_at": null, "completed_by_id": null}]	pending	3	-0.04	[]	14	0	\N
142	خطة تصحيحية لعنصر: عنصر 35	عنصر: عنصر 35\nتفاصيل: 	\N	تنويم الباطنية نساء	medium	PENDING	لم يتم تعيين مسؤول	2025-10-24 13:31:50.660834+03	1	2025-09-24 13:31:50.659587+03	\N	\N	\N	يلس	[{"task": "لسيب", "notes": "", "status": "open", "due_date": "2025-09-25T00:00:00", "completed_at": null, "assigned_to_id": null}]	[{"task": "سيلب", "notes": "يبل", "status": "open", "due_date": "2025-10-01T00:00:00", "completed_at": null, "assigned_to_id": null}]	[{"step": "سلبي", "notes": "سيلب", "required": false, "completed": false, "completed_at": null, "completed_by_id": null}]	pending	3	-0.04	[]	14	0	\N
143	خطة تصحيحية لعنصر: عنصر 19	عنصر: عنصر 19\nتفاصيل: الم ملاحظة	\N	العناية المركزة	medium	PENDING	لم يتم تعيين مسؤول	2025-10-25 09:31:06.417822+03	1	2025-09-25 09:31:06.416257+03	\N	\N	\N	الم ملاحظة	[{"task": "الم ملاحظة", "notes": "الم ملاحظة", "status": "open", "due_date": "2025-09-25T00:00:00", "completed_at": null, "assigned_to_id": null}]	[]	[]	pending	3	0.01	[]	14	0	\N
106	عدم الامتثال: البروتوكولات السريرية	الجولة: جولة ابو يزيد\nرمز العنصر: جو-001\nالعنوان: البروتوكولات السريرية\nوصف العنصر: لا يوجد وصف\nملاحظات التقييم: ملاحظة البروتوكولات السريرية لا يوجد\n\nمطلوب: تطوير خطة تصحيحية لضمان الامتثال الكامل لهذا العنصر.	\N	تنويم الباطنية نساء	high	PENDING	منال المنال	2025-10-01 07:15:54.318459+03	1	2025-09-17 10:15:54.317029+03	5	37	18	\N	[]	[]	[]	pending	4	0.01	[]	14	0	\N
144	خطة تصحيحية لعنصر: عنصر 19	عنصر: عنصر 19\nتفاصيل: الم ملاحظة	\N	العناية المركزة	medium	PENDING	لم يتم تعيين مسؤول	2025-10-25 09:31:07.932441+03	1	2025-09-25 09:31:07.931582+03	\N	\N	\N	الم ملاحظة	[{"task": "الم ملاحظة", "notes": "الم ملاحظة", "status": "open", "due_date": "2025-09-25T00:00:00", "completed_at": null, "assigned_to_id": null}]	[]	[]	pending	3	0.01	[]	14	0	\N
145	خطة تصحيحية لعنصر: عنصر 19	عنصر: عنصر 19\nتفاصيل: الم ملاحظة	\N	العناية المركزة	medium	PENDING	لم يتم تعيين مسؤول	2025-10-25 09:31:09.448946+03	1	2025-09-25 09:31:09.448421+03	\N	\N	\N	الم ملاحظة	[{"task": "الم ملاحظة", "notes": "الم ملاحظة", "status": "open", "due_date": "2025-09-25T00:00:00", "completed_at": null, "assigned_to_id": null}]	[]	[]	pending	3	0.01	[]	14	0	\N
146	خطة تصحيحية لعنصر: عنصر 19	عنصر: عنصر 19\nتفاصيل: الم ملاحظة	\N	العناية المركزة	medium	PENDING	لم يتم تعيين مسؤول	2025-10-25 09:31:11.462954+03	1	2025-09-25 09:31:11.461796+03	\N	\N	\N	الم ملاحظة	[{"task": "الم ملاحظة", "notes": "الم ملاحظة", "status": "open", "due_date": "2025-09-25T00:00:00", "completed_at": null, "assigned_to_id": null}]	[]	[]	pending	3	0.01	[]	14	0	\N
147	خطة تصحيحية لعنصر: عنصر 19	عنصر: عنصر 19\nتفاصيل: الم ملاحظة	\N	العناية المركزة	medium	PENDING	لم يتم تعيين مسؤول	2025-10-25 09:32:41.607183+03	1	2025-09-25 09:32:41.606105+03	\N	\N	\N	تحليل السبب الجذري تحليل السبب الجذري تحليل السبب الجذري 	[{"task": "الإجراءات التصحيحية ١", "notes": "ملاحظات", "status": "open", "due_date": "2025-10-03T00:00:00", "completed_at": null, "assigned_to_id": null}]	[{"task": "الإجراءات الوقائية١", "notes": "ملاحظات", "status": "open", "due_date": "2025-10-11T00:00:00", "completed_at": null, "assigned_to_id": null}]	[{"step": "خطوات التحقق٢", "notes": "خطوات التحققخطوات التحقق", "required": true, "completed": false, "completed_at": null, "completed_by_id": null}]	pending	4	0.04	[]	14	0	\N
236	خطة تصحيحية لعنصر: تقييم الألم (جو-004)	خطة تصحيحية لمعالجة عدم الامتثال في عنصر التقييم:\n\nالعنصر: تقييم الألم\nالكود: جو-004\nالنتيجة: 50/100\nالجولة: جديدة صالح\nالقسم: تنويم الباطنية نساء\n\nيتطلب هذا العنصر إجراءات تصحيحية لضمان الامتثال والتحسين المستمر.	\N	تنويم الباطنية نساء	medium	PENDING	\N	2025-12-28 21:49:16.979434+03	1	2025-09-29 21:49:16.973703+03	50	\N	21	\N	[]	[]	[]	pending	3	\N	[]	14	0	\N
237	خطة تصحيحية لعنصر: خطة الرعاية (جو-005)	خطة تصحيحية لمعالجة عدم الامتثال في عنصر التقييم:\n\nالعنصر: خطة الرعاية\nالكود: جو-005\nالنتيجة: 50/100\nالجولة: جديدة صالح\nالقسم: تنويم الباطنية نساء\n\nيتطلب هذا العنصر إجراءات تصحيحية لضمان الامتثال والتحسين المستمر.	\N	تنويم الباطنية نساء	high	PENDING	\N	2025-11-28 21:49:16.982091+03	1	2025-09-29 21:49:16.980807+03	50	\N	22	\N	[]	[]	[]	pending	3	\N	[]	14	0	\N
238	خطة تصحيحية لعنصر: تحديد هوية المريض (سل-001)	خطة تصحيحية لمعالجة عدم الامتثال في عنصر التقييم:\n\nالعنصر: تحديد هوية المريض\nالكود: سل-001\nالنتيجة: 0/100\nالجولة: دسي\nالقسم: قسم الأطفال\n\nيتطلب هذا العنصر إجراءات تصحيحية لضمان الامتثال والتحسين المستمر.	\N	قسم الأطفال	urgent	PENDING	\N	2025-10-29 21:49:16.992563+03	1	2025-09-29 21:49:16.98344+03	100	\N	13	\N	[]	[]	[]	pending	3	\N	[]	14	0	\N
239	خطة تصحيحية لعنصر: التواصل الفعال (سل-004)	خطة تصحيحية لمعالجة عدم الامتثال في عنصر التقييم:\n\nالعنصر: التواصل الفعال\nالكود: سل-004\nالنتيجة: 0/100\nالجولة: دسي\nالقسم: قسم الأطفال\n\nيتطلب هذا العنصر إجراءات تصحيحية لضمان الامتثال والتحسين المستمر.	\N	قسم الأطفال	urgent	PENDING	\N	2025-10-29 21:49:16.995547+03	1	2025-09-29 21:49:16.994017+03	100	\N	16	\N	[]	[]	[]	pending	3	\N	[]	14	0	\N
240	خطة تصحيحية لعنصر: خطة الرعاية (جو-005)	خطة تصحيحية لمعالجة عدم الامتثال في عنصر التقييم:\n\nالعنصر: خطة الرعاية\nالكود: جو-005\nالنتيجة: 0/100\nالجولة: جولة رقم ٩\nالقسم: قسم الأطفال\n\nيتطلب هذا العنصر إجراءات تصحيحية لضمان الامتثال والتحسين المستمر.	\N	قسم الأطفال	urgent	PENDING	\N	2025-10-29 21:49:17.002897+03	1	2025-09-29 21:49:16.99694+03	100	\N	22	\N	[]	[]	[]	pending	3	\N	[]	14	0	\N
241	خطة تصحيحية لعنصر: تخزين الأدوية (إد-001)	خطة تصحيحية لمعالجة عدم الامتثال في عنصر التقييم:\n\nالعنصر: تخزين الأدوية\nالكود: إد-001\nالنتيجة: 0/100\nالجولة: جولة رقم ٩\nالقسم: قسم الأطفال\n\nيتطلب هذا العنصر إجراءات تصحيحية لضمان الامتثال والتحسين المستمر.	\N	قسم الأطفال	urgent	PENDING	\N	2025-10-29 21:49:17.008075+03	1	2025-09-29 21:49:17.006142+03	100	\N	23	\N	[]	[]	[]	pending	3	\N	[]	14	0	\N
242	خطة تصحيحية لعنصر: خطة الرعاية (جو-005)	خطة تصحيحية لمعالجة عدم الامتثال في عنصر التقييم:\n\nالعنصر: خطة الرعاية\nالكود: جو-005\nالنتيجة: 0/100\nالجولة: جولة اختبار الإصلاح\nالقسم: قسم الأطفال\n\nيتطلب هذا العنصر إجراءات تصحيحية لضمان الامتثال والتحسين المستمر.	\N	قسم الأطفال	urgent	PENDING	\N	2025-10-29 21:49:17.015048+03	1	2025-09-29 21:49:17.009619+03	100	\N	22	\N	[]	[]	[]	pending	3	\N	[]	14	0	\N
245	خطة تصحيحية لعنصر: تقييم الألم (جو-004)	خطة تصحيحية لمعالجة عدم الامتثال في عنصر التقييم:\n\nالعنصر: تقييم الألم\nالكود: جو-004\nالنتيجة: 0/100\nالجولة: ER QPS\nالقسم: الطوارئ\n\nيتطلب هذا العنصر إجراءات تصحيحية لضمان الامتثال والتحسين المستمر.	\N	الطوارئ	urgent	PENDING	\N	2025-10-29 21:49:17.029393+03	1	2025-09-29 21:49:17.027681+03	100	\N	21	\N	[]	[]	[]	pending	3	\N	[]	14	0	\N
246	خطة تصحيحية لعنصر: النظافة العامة (ال-001)	خطة تصحيحية لمعالجة عدم الامتثال في عنصر التقييم:\n\nالعنصر: النظافة العامة\nالكود: ال-001\nالنتيجة: 0/100\nالجولة: ER QPS\nالقسم: الطوارئ\n\nيتطلب هذا العنصر إجراءات تصحيحية لضمان الامتثال والتحسين المستمر.	\N	الطوارئ	urgent	PENDING	\N	2025-10-29 21:49:17.032437+03	1	2025-09-29 21:49:17.030919+03	100	\N	28	\N	[]	[]	[]	pending	3	\N	[]	14	0	\N
247	خطة تصحيحية لعنصر: سلامة الأدوية (سل-003)	خطة تصحيحية لمعالجة عدم الامتثال في عنصر التقييم:\n\nالعنصر: سلامة الأدوية\nالكود: سل-003\nالنتيجة: 0/100\nالجولة: جولة اختبار بعد الإصلاح\nالقسم: تنويم الباطنية نساء\n\nيتطلب هذا العنصر إجراءات تصحيحية لضمان الامتثال والتحسين المستمر.	\N	تنويم الباطنية نساء	urgent	PENDING	\N	2025-10-29 21:49:17.039879+03	1	2025-09-29 21:49:17.033838+03	100	\N	15	\N	[]	[]	[]	pending	3	\N	[]	14	0	\N
248	خطة تصحيحية لعنصر: الشكاوى والاقتراحات (حق-003)	خطة تصحيحية لمعالجة عدم الامتثال في عنصر التقييم:\n\nالعنصر: الشكاوى والاقتراحات\nالكود: حق-003\nالنتيجة: 50/100\nالجولة: جولة اختبار بعد الإصلاح\nالقسم: تنويم الباطنية نساء\n\nيتطلب هذا العنصر إجراءات تصحيحية لضمان الامتثال والتحسين المستمر.	\N	تنويم الباطنية نساء	medium	PENDING	\N	2025-12-28 21:49:17.042642+03	1	2025-09-29 21:49:17.041081+03	50	\N	61	\N	[]	[]	[]	pending	3	\N	[]	14	0	\N
249	خطة تصحيحية لعنصر: البروتوكولات السريرية (جو-001)	خطة تصحيحية لمعالجة عدم الامتثال في عنصر التقييم:\n\nالعنصر: البروتوكولات السريرية\nالكود: جو-001\nالنتيجة: 50/100\nالجولة: ال\nالقسم: تنويم الباطنية نساء\n\nيتطلب هذا العنصر إجراءات تصحيحية لضمان الامتثال والتحسين المستمر.	\N	تنويم الباطنية نساء	high	PENDING	\N	2025-11-28 21:49:17.050997+03	1	2025-09-29 21:49:17.04472+03	50	\N	18	\N	[]	[]	[]	pending	3	\N	[]	14	0	\N
250	خطة تصحيحية لعنصر: تقييم الألم (جو-004)	خطة تصحيحية لمعالجة عدم الامتثال في عنصر التقييم:\n\nالعنصر: تقييم الألم\nالكود: جو-004\nالنتيجة: 0/100\nالجولة: ال\nالقسم: تنويم الباطنية نساء\n\nيتطلب هذا العنصر إجراءات تصحيحية لضمان الامتثال والتحسين المستمر.	\N	تنويم الباطنية نساء	urgent	PENDING	\N	2025-10-29 21:49:17.054131+03	1	2025-09-29 21:49:17.052548+03	100	\N	21	\N	[]	[]	[]	pending	3	\N	[]	14	0	\N
251	خطة تصحيحية لعنصر: التوثيق الطبي (جو-003)	خطة تصحيحية لمعالجة عدم الامتثال في عنصر التقييم:\n\nالعنصر: التوثيق الطبي\nالكود: جو-003\nالنتيجة: 0/100\nالجولة: يسبسيب\nالقسم: تنويم الباطنية نساء\n\nيتطلب هذا العنصر إجراءات تصحيحية لضمان الامتثال والتحسين المستمر.	\N	تنويم الباطنية نساء	urgent	PENDING	\N	2025-10-29 21:49:17.061911+03	1	2025-09-29 21:49:17.055703+03	100	\N	20	\N	[]	[]	[]	pending	3	\N	[]	14	0	\N
252	خطة تصحيحية لعنصر: تقييم الألم (جو-004)	خطة تصحيحية لمعالجة عدم الامتثال في عنصر التقييم:\n\nالعنصر: تقييم الألم\nالكود: جو-004\nالنتيجة: 0/100\nالجولة: يسبسيب\nالقسم: تنويم الباطنية نساء\n\nيتطلب هذا العنصر إجراءات تصحيحية لضمان الامتثال والتحسين المستمر.	\N	تنويم الباطنية نساء	urgent	PENDING	\N	2025-10-29 21:49:17.065127+03	1	2025-09-29 21:49:17.06353+03	100	\N	21	\N	[]	[]	[]	pending	3	\N	[]	14	0	\N
253	خطة تصحيحية لعنصر: مراقبة العلامات الحيوية (جو-002)	خطة تصحيحية لمعالجة عدم الامتثال في عنصر التقييم:\n\nالعنصر: مراقبة العلامات الحيوية\nالكود: جو-002\nالنتيجة: 0/100\nالجولة: سيببيس\nالقسم: قسم الاختبار من React\n\nيتطلب هذا العنصر إجراءات تصحيحية لضمان الامتثال والتحسين المستمر.	\N	قسم الاختبار من React	urgent	PENDING	\N	2025-10-29 21:49:17.072964+03	1	2025-09-29 21:49:17.066618+03	100	\N	19	\N	[]	[]	[]	pending	3	\N	[]	14	0	\N
254	خطة تصحيحية لعنصر: التوثيق الطبي (جو-003)	خطة تصحيحية لمعالجة عدم الامتثال في عنصر التقييم:\n\nالعنصر: التوثيق الطبي\nالكود: جو-003\nالنتيجة: 50/100\nالجولة: سيببيس\nالقسم: قسم الاختبار من React\n\nيتطلب هذا العنصر إجراءات تصحيحية لضمان الامتثال والتحسين المستمر.	\N	قسم الاختبار من React	high	PENDING	\N	2025-11-28 21:49:17.076061+03	1	2025-09-29 21:49:17.074562+03	50	\N	20	\N	[]	[]	[]	pending	3	\N	[]	14	0	\N
257	خطة تصحيحية لعنصر: الموافقة المستنيرة (حق-001)	خطة تصحيحية لمعالجة عدم الامتثال في عنصر التقييم:\n\nالعنصر: الموافقة المستنيرة\nالكود: حق-001\nالنتيجة: 0/100\nالجولة: سشسش\nالقسم: تنويم الباطنية نساء\n\nيتطلب هذا العنصر إجراءات تصحيحية لضمان الامتثال والتحسين المستمر.	\N	تنويم الباطنية نساء	urgent	PENDING	\N	2025-10-29 21:49:17.101201+03	1	2025-09-29 21:49:17.09052+03	100	\N	58	\N	[]	[]	[]	pending	3	\N	[]	14	0	\N
258	خطة تصحيحية لعنصر: تقييم الأداء (ال-009)	خطة تصحيحية لمعالجة عدم الامتثال في عنصر التقييم:\n\nالعنصر: تقييم الأداء\nالكود: ال-009\nالنتيجة: 50/100\nالجولة: سشسش\nالقسم: تنويم الباطنية نساء\n\nيتطلب هذا العنصر إجراءات تصحيحية لضمان الامتثال والتحسين المستمر.	\N	تنويم الباطنية نساء	medium	PENDING	\N	2025-12-28 21:49:17.106642+03	1	2025-09-29 21:49:17.103051+03	50	\N	69	\N	[]	[]	[]	pending	3	\N	[]	14	0	\N
260	خطة تصحيحية لعنصر: تخزين الأدوية (إد-001)	خطة تصحيحية لمعالجة عدم الامتثال في عنصر التقييم:\n\nالعنصر: تخزين الأدوية\nالكود: إد-001\nالنتيجة: 0/100\nالجولة: يبل\nالقسم: تنويم الباطنية نساء\n\nيتطلب هذا العنصر إجراءات تصحيحية لضمان الامتثال والتحسين المستمر.	\N	تنويم الباطنية نساء	urgent	PENDING	\N	2025-10-29 21:49:17.121061+03	1	2025-09-29 21:49:17.113485+03	100	\N	23	\N	[]	[]	[]	pending	3	\N	[]	14	0	\N
261	خطة تصحيحية لعنصر: مراجعة الوصفات (إد-002)	خطة تصحيحية لمعالجة عدم الامتثال في عنصر التقييم:\n\nالعنصر: مراجعة الوصفات\nالكود: إد-002\nالنتيجة: 50/100\nالجولة: يبل\nالقسم: تنويم الباطنية نساء\n\nيتطلب هذا العنصر إجراءات تصحيحية لضمان الامتثال والتحسين المستمر.	\N	تنويم الباطنية نساء	urgent	PENDING	\N	2025-10-29 21:49:17.125125+03	1	2025-09-29 21:49:17.123398+03	50	\N	24	\N	[]	[]	[]	pending	3	\N	[]	14	0	\N
262	خطة تصحيحية لعنصر: مراقبة العلامات الحيوية (جو-002)	خطة تصحيحية لمعالجة عدم الامتثال في عنصر التقييم:\n\nالعنصر: مراقبة العلامات الحيوية\nالكود: جو-002\nالنتيجة: 50/100\nالجولة: يبل\nالقسم: تنويم الباطنية نساء\n\nيتطلب هذا العنصر إجراءات تصحيحية لضمان الامتثال والتحسين المستمر.	\N	تنويم الباطنية نساء	high	PENDING	\N	2025-11-28 21:49:17.127515+03	1	2025-09-29 21:49:17.126176+03	50	\N	19	\N	[]	[]	[]	pending	3	\N	[]	14	0	\N
263	خطة تصحيحية لعنصر: عزل المرضى المصابين بعدوى (مك-003)	خطة تصحيحية لمعالجة عدم الامتثال في عنصر التقييم:\n\nالعنصر: عزل المرضى المصابين بعدوى\nالكود: مك-003\nالنتيجة: 0/100\nالجولة: سيب\nالقسم: تنويم الباطنية نساء\n\nيتطلب هذا العنصر إجراءات تصحيحية لضمان الامتثال والتحسين المستمر.	\N	تنويم الباطنية نساء	urgent	PENDING	\N	2025-10-29 21:49:17.134937+03	1	2025-09-29 21:49:17.128742+03	100	\N	10	\N	[]	[]	[]	pending	3	\N	[]	14	0	\N
264	خطة تصحيحية لعنصر: إدارة النفايات الطبية (مك-005)	خطة تصحيحية لمعالجة عدم الامتثال في عنصر التقييم:\n\nالعنصر: إدارة النفايات الطبية\nالكود: مك-005\nالنتيجة: 50/100\nالجولة: سيب\nالقسم: تنويم الباطنية نساء\n\nيتطلب هذا العنصر إجراءات تصحيحية لضمان الامتثال والتحسين المستمر.	\N	تنويم الباطنية نساء	high	PENDING	\N	2025-11-28 21:49:17.139142+03	1	2025-09-29 21:49:17.136685+03	50	\N	12	\N	[]	[]	[]	pending	3	\N	[]	14	0	\N
265	خطة تصحيحية لعنصر: دقة التوثيق ( إ-003)	خطة تصحيحية لمعالجة عدم الامتثال في عنصر التقييم:\n\nالعنصر: دقة التوثيق\nالكود:  إ-003\nالنتيجة: 50/100\nالجولة: بل\nالقسم: تنويم الباطنية نساء\n\nيتطلب هذا العنصر إجراءات تصحيحية لضمان الامتثال والتحسين المستمر.	\N	تنويم الباطنية نساء	high	PENDING	\N	2025-11-28 21:49:17.147098+03	1	2025-09-29 21:49:17.140936+03	50	\N	35	\N	[]	[]	[]	pending	3	\N	[]	14	0	\N
266	خطة تصحيحية لعنصر: التدريب على النظام ( إ-005)	خطة تصحيحية لمعالجة عدم الامتثال في عنصر التقييم:\n\nالعنصر: التدريب على النظام\nالكود:  إ-005\nالنتيجة: 0/100\nالجولة: بل\nالقسم: تنويم الباطنية نساء\n\nيتطلب هذا العنصر إجراءات تصحيحية لضمان الامتثال والتحسين المستمر.	\N	تنويم الباطنية نساء	urgent	PENDING	\N	2025-10-29 21:49:17.15139+03	1	2025-09-29 21:49:17.148898+03	100	\N	37	\N	[]	[]	[]	pending	3	\N	[]	14	0	\N
267	خطة تصحيحية لعنصر: تقييم الألم (جو-004)	خطة تصحيحية لمعالجة عدم الامتثال في عنصر التقييم:\n\nالعنصر: تقييم الألم\nالكود: جو-004\nالنتيجة: 0/100\nالجولة: يسب\nالقسم: العناية المركزة\n\nيتطلب هذا العنصر إجراءات تصحيحية لضمان الامتثال والتحسين المستمر.	\N	العناية المركزة	urgent	PENDING	\N	2025-10-29 21:49:17.160402+03	1	2025-09-29 21:49:17.153107+03	100	\N	21	\N	[]	[]	[]	pending	3	\N	[]	14	0	\N
109	عدم الامتثال: مراقبة العلامات الحيوية	الجولة: جولة ابو يزيد\nرمز العنصر: جو-002\nالعنوان: مراقبة العلامات الحيوية\nوصف العنصر: لا يوجد وصف\nملاحظات التقييم: لا يوجد مراقبة العلامات الحيوية ايضا\n\nمطلوب: تطوير خطة تصحيحية لضمان الامتثال الكامل لهذا العنصر.	\N	تنويم الباطنية نساء	high	PENDING	منال المنال	2025-10-01 07:16:08.151772+03	1	2025-09-17 10:16:05.345401+03	5	37	19	\N	[{"task": "تحليل السبب الجذري *", "notes": "تحليل السبب الجذري *", "due_date": "2025-10-18", "assigned_to": "تحليل السبب الجذري *"}]	[]	[]	pending	3	0.01	[]	14	0	\N
259	خطة تصحيحية لعنصر: التثقيف الصحي (حق-004)	خطة تصحيحية لمعالجة عدم الامتثال في عنصر التقييم:\n\nالعنصر: التثقيف الصحي\nالكود: حق-004\nالنتيجة: 0/100\nالجولة: سشسش\nالقسم: تنويم الباطنية نساء\n\nيتطلب هذا العنصر إجراءات تصحيحية لضمان الامتثال والتحسين المستمر.	\N	تنويم الباطنية نساء	urgent	PENDING	\N	2025-10-29 21:49:17.111776+03	1	2025-09-29 21:49:17.10863+03	100	\N	62	\N	[]	[]	[]	pending	3	\N	[]	14	0	\N
268	خطة تصحيحية لعنصر: مراجعة الوصفات (إد-002)	خطة تصحيحية لمعالجة عدم الامتثال في عنصر التقييم:\n\nالعنصر: مراجعة الوصفات\nالكود: إد-002\nالنتيجة: 0/100\nالجولة: يسب\nالقسم: العناية المركزة\n\nيتطلب هذا العنصر إجراءات تصحيحية لضمان الامتثال والتحسين المستمر.	\N	العناية المركزة	urgent	PENDING	\N	2025-10-29 21:49:17.165438+03	1	2025-09-29 21:49:17.162948+03	100	\N	24	\N	[]	[]	[]	pending	3	\N	[]	14	0	\N
269	خطة تصحيحية لعنصر: مراقبة العلامات الحيوية (جو-002)	خطة تصحيحية لمعالجة عدم الامتثال في عنصر التقييم:\n\nالعنصر: مراقبة العلامات الحيوية\nالكود: جو-002\nالنتيجة: 50/100\nالجولة: يسب\nالقسم: العناية المركزة\n\nيتطلب هذا العنصر إجراءات تصحيحية لضمان الامتثال والتحسين المستمر.	\N	العناية المركزة	high	PENDING	\N	2025-11-28 21:49:17.169738+03	1	2025-09-29 21:49:17.167466+03	50	\N	19	\N	[]	[]	[]	pending	3	\N	[]	14	0	\N
270	خطة تصحيحية لعنصر: النظافة العامة (ال-001)	خطة تصحيحية لمعالجة عدم الامتثال في عنصر التقييم:\n\nالعنصر: النظافة العامة\nالكود: ال-001\nالنتيجة: 50/100\nالجولة: متابعة الطوارئ\nالقسم: الطوارئ\n\nيتطلب هذا العنصر إجراءات تصحيحية لضمان الامتثال والتحسين المستمر.	\N	الطوارئ	high	PENDING	\N	2025-11-28 21:49:17.179953+03	1	2025-09-29 21:49:17.171351+03	50	\N	28	\N	[]	[]	[]	pending	3	\N	[]	14	0	\N
271	خطة تصحيحية لعنصر: صيانة المعدات (ال-004)	خطة تصحيحية لمعالجة عدم الامتثال في عنصر التقييم:\n\nالعنصر: صيانة المعدات\nالكود: ال-004\nالنتيجة: 0/100\nالجولة: متابعة الطوارئ\nالقسم: الطوارئ\n\nيتطلب هذا العنصر إجراءات تصحيحية لضمان الامتثال والتحسين المستمر.	\N	الطوارئ	urgent	PENDING	\N	2025-10-29 21:49:17.184549+03	1	2025-09-29 21:49:17.181975+03	100	\N	31	\N	[]	[]	[]	pending	3	\N	[]	14	0	\N
272	خطة تصحيحية لعنصر: النسخ الاحتياطية ( إ-002)	خطة تصحيحية لمعالجة عدم الامتثال في عنصر التقييم:\n\nالعنصر: النسخ الاحتياطية\nالكود:  إ-002\nالنتيجة: 0/100\nالجولة: متابعة الطوارئ\nالقسم: الطوارئ\n\nيتطلب هذا العنصر إجراءات تصحيحية لضمان الامتثال والتحسين المستمر.	\N	الطوارئ	urgent	PENDING	\N	2025-10-29 21:49:17.189292+03	1	2025-09-29 21:49:17.186568+03	100	\N	34	\N	[]	[]	[]	pending	3	\N	[]	14	0	\N
273	خطة تصحيحية لعنصر: دقة التوثيق ( إ-003)	خطة تصحيحية لمعالجة عدم الامتثال في عنصر التقييم:\n\nالعنصر: دقة التوثيق\nالكود:  إ-003\nالنتيجة: 50/100\nالجولة: متابعة الطوارئ\nالقسم: الطوارئ\n\nيتطلب هذا العنصر إجراءات تصحيحية لضمان الامتثال والتحسين المستمر.	\N	الطوارئ	high	PENDING	\N	2025-11-28 21:49:17.193522+03	1	2025-09-29 21:49:17.191037+03	50	\N	35	\N	[]	[]	[]	pending	3	\N	[]	14	0	\N
277	خطة تصحيحية لعنصر: عنصر 21	عنصر: عنصر 21\nتفاصيل: 	\N	النساء والولادة	medium	PENDING	لم يتم تعيين مسؤول	2025-11-07 11:40:41.055193+03	1	2025-10-08 11:40:41.053318+03	\N	\N	\N	https://rollupjs.org/configuration-options/#output-manualchunks	[{"task": "https://rollupjs.org/configuration-options/#output-manualchunks", "notes": "https://rollupjs.org/configuration-options/#output-manualchunks", "status": "open", "due_date": "2025-10-30T00:00:00", "completed_at": null, "assigned_to_id": null}]	[]	[]	pending	5	0.11	[]	23	0	\N
275	خطة تصحيحية لعنصر: تقييم الألم (جو-004)	خطة تصحيحية لمعالجة عدم الامتثال في عنصر التقييم:\n\nالعنصر: تقييم الألم\nالكود: جو-004\nالنتيجة: 50/100\nالجولة: الجودة صالح\nالقسم: النساء والولادة\n\nيتطلب هذا العنصر إجراءات تصحيحية لضمان الامتثال والتحسين المستمر.	\N	النساء والولادة	medium	PENDING	\N	2026-01-06 11:39:59.972621+03	1	2025-10-08 11:39:59.964426+03	50	\N	21	\N	[]	[]	[]	pending	3	\N	[]	14	0	\N
276	خطة تصحيحية لعنصر: التوثيق الطبي (جو-003)	خطة تصحيحية لمعالجة عدم الامتثال في عنصر التقييم:\n\nالعنصر: التوثيق الطبي\nالكود: جو-003\nالنتيجة: 0/100\nالجولة: الجودة صالح\nالقسم: النساء والولادة\n\nيتطلب هذا العنصر إجراءات تصحيحية لضمان الامتثال والتحسين المستمر.	\N	النساء والولادة	urgent	PENDING	\N	2025-11-07 11:39:59.985922+03	1	2025-10-08 11:39:59.983105+03	100	\N	20	\N	[]	[]	[]	pending	3	\N	[]	14	0	\N
274	خطة محدثة	تم التحديث	\N	قسم الاختبار	medium	PENDING	لم يتم تعيين مسؤول	2025-11-05 10:37:07.97081+03	24	2025-10-06 10:37:07.970019+03	\N	\N	\N	\N	[{"task": "إجراء تصحيحي محدث", "notes": "ملاحظة جديدة", "due_date": "2025-11-02", "assigned_to": "محمد أحمد"}]	[{"task": "إجراء وقائي محدث", "due_date": "2025-11-12", "assigned_to": "سارة"}]	[{"step": "تحقق محدث", "required": true}, {"step": "تحقق إضافي", "required": false}]	pending	4	\N	[]	14	0	\N
244	خطة تصحيحية لعنصر: مراقبة العلامات الحيوية (جو-002)	خطة تصحيحية لمعالجة عدم الامتثال في عنصر التقييم:\n\nالعنصر: مراقبة العلامات الحيوية\nالكود: جو-002\nالنتيجة: 50/100\nالجولة: ER QPS\nالقسم: الطوارئ\n\nيتطلب هذا العنصر إجراءات تصحيحية لضمان الامتثال والتحسين المستمر.	\N	الطوارئ	medium	PENDING	\N	2025-10-17 00:00:00+03	1	2025-09-29 21:49:17.020135+03	50	\N	19	خطة تصحيحية لعنصر: مراقبة العلامات الحيوية (جو-002)\n	[{"task": "ييسبيسب", "notes": "يسبيس", "due_date": "2025-10-30", "assigned_to": "سيبيسب"}]	[]	[]	pending	4	0.06	[]	11	0	\N
233	خطة تصحيحية لعنصر: النظافة العامة (ال-001)	خطة تصحيحية لمعالجة عدم الامتثال في عنصر التقييم:\n\nالعنصر: النظافة العامة\nالكود: ال-001\nالنتيجة: 50/100\nالجولة: جولة رقم١\nالقسم: تنويم الباطنية نساء\n\nيتطلب هذا العنصر إجراءات تصحيحية لضمان الامتثال والتحسين المستمر.	\N	تنويم الباطنية نساء	high	PENDING	\N	2025-11-28 21:49:16.95969+03	1	2025-09-29 21:49:16.946463+03	50	\N	28	\N	[]	[]	[]	pending	3	\N	[]	14	0	\N
234	خطة تصحيحية لعنصر: صيانة المعدات (ال-004)	خطة تصحيحية لمعالجة عدم الامتثال في عنصر التقييم:\n\nالعنصر: صيانة المعدات\nالكود: ال-004\nالنتيجة: 0/100\nالجولة: جولة رقم١\nالقسم: تنويم الباطنية نساء\n\nيتطلب هذا العنصر إجراءات تصحيحية لضمان الامتثال والتحسين المستمر.	\N	تنويم الباطنية نساء	urgent	PENDING	\N	2025-10-29 21:49:16.968991+03	1	2025-09-29 21:49:16.967582+03	100	\N	31	\N	[]	[]	[]	pending	3	\N	[]	14	0	\N
235	خطة تصحيحية لعنصر: الصحة المهنية (ال-010)	خطة تصحيحية لمعالجة عدم الامتثال في عنصر التقييم:\n\nالعنصر: الصحة المهنية\nالكود: ال-010\nالنتيجة: 50/100\nالجولة: جولة رقم١\nالقسم: تنويم الباطنية نساء\n\nيتطلب هذا العنصر إجراءات تصحيحية لضمان الامتثال والتحسين المستمر.	\N	تنويم الباطنية نساء	high	PENDING	\N	2025-11-28 21:49:16.971696+03	1	2025-09-29 21:49:16.97044+03	50	\N	70	\N	[]	[]	[]	pending	3	\N	[]	14	0	\N
107	تحديث مع اجراءات	اختبار اجراءات	\N	تنويم الباطنية نساء	medium	PENDING	منال المنال	2025-11-21 00:00:00+03	1	2025-09-17 10:15:54.328315+03	5	37	19	تحديث مع اجراءات	[{"task": "تحديث مع اجراءات", "notes": "تحديث مع اجراءات", "due_date": "2025-10-24", "assigned_to": "تحديث مع اجراءات"}]	[]	[]	pending	5	0.01	[{"note": "Status updated", "user_id": 1, "timestamp": "2025-10-06T06:11:00.55532+03:00", "to_status": "IN_PROGRESS", "from_status": "PENDING"}, {"note": "Status updated", "user_id": 1, "timestamp": "2025-10-06T08:58:42.539281+03:00", "to_status": "PENDING", "from_status": "IN_PROGRESS"}]	46	0	\N
108	عدم الامتثال: البروتوكولات السريرية	الجولة: جولة ابو يزيد\nرمز العنصر: جو-001\nالعنوان: البروتوكولات السريرية\nوصف العنصر: لا يوجد وصف\nملاحظات التقييم: ملاحظة البروتوكولات السريرية لا يوجد\n\nمطلوب: تطوير خطة تصحيحية لضمان الامتثال الكامل لهذا العنصر.	\N	تنويم الباطنية نساء	high	PENDING	منال المنال	2025-10-01 07:16:05.33741+03	1	2025-09-17 10:16:05.335859+03	5	37	18	\N	[{"task": "تحليل السبب الجذري *", "notes": "تحليل السبب الجذري *", "due_date": "2025-10-31", "assigned_to": "تحليل السبب الجذري *"}]	[]	[]	pending	2	0.01	[]	14	0	\N
110	خطة تصحيحية - جولة ابو يزيد	نتج عن تقييم الجولة جولة ابو يزيد العناصر التالية بحاجة لتصحيح:\n- عنصر ID 18 (not_applied)\n- عنصر ID 19 (partial)	\N	تنويم الباطنية نساء	medium	PENDING	منال المنال	2025-10-16 00:00:00+03	1	2025-09-17 10:16:10.412405+03	3	37	\N	نتج عن تقييم الجولة جولة ابو يزيد العناصر التالية بحاجة لتصحيح:\n	[{"task": "نتج عن تقييم الجولة جولة ابو يزيد العناصر التالية بحاجة لتصحيح:", "notes": "نتج عن تقييم الجولة جولة ابو يزيد العناصر التالية بحاجة لتصحيح:", "due_date": "2025-10-30", "assigned_to": "نتج عن تقييم الجولة جولة ابو يزيد العناصر التالية بحاجة لتصحيح:"}]	[]	[]	pending	3	0.04	[]	10	0	\N
243	خطة تصحيحية لعنصر: تخزين الأدوية (إد-001)	خطة تصحيحية لمعالجة عدم الامتثال في عنصر التقييم:\n\nالعنصر: تخزين الأدوية\nالكود: إد-001\nالنتيجة: 50/100\nالجولة: جولة اختبار الإصلاح\nالقسم: قسم الأطفال\n\nيتطلب هذا العنصر إجراءات تصحيحية لضمان الامتثال والتحسين المستمر.	\N	قسم الأطفال	high	PENDING	\N	2025-11-28 21:49:17.018724+03	1	2025-09-29 21:49:17.017124+03	50	\N	23	\N	[]	[]	[]	pending	3	\N	[]	14	0	\N
255	خطة تصحيحية لعنصر: مراقبة العلامات الحيوية (جو-002)	خطة تصحيحية لمعالجة عدم الامتثال في عنصر التقييم:\n\nالعنصر: مراقبة العلامات الحيوية\nالكود: جو-002\nالنتيجة: 0/100\nالجولة: بيس\nالقسم: تنويم الباطنية نساء\n\nيتطلب هذا العنصر إجراءات تصحيحية لضمان الامتثال والتحسين المستمر.	\N	تنويم الباطنية نساء	urgent	PENDING	\N	2025-10-29 21:49:17.084798+03	1	2025-09-29 21:49:17.077599+03	100	\N	19	\N	[]	[]	[]	pending	3	\N	[]	14	0	\N
256	خطة تصحيحية لعنصر: تخزين الأدوية (إد-001)	خطة تصحيحية لمعالجة عدم الامتثال في عنصر التقييم:\n\nالعنصر: تخزين الأدوية\nالكود: إد-001\nالنتيجة: 50/100\nالجولة: بيس\nالقسم: تنويم الباطنية نساء\n\nيتطلب هذا العنصر إجراءات تصحيحية لضمان الامتثال والتحسين المستمر.	\N	تنويم الباطنية نساء	high	PENDING	\N	2025-11-28 21:49:17.088221+03	1	2025-09-29 21:49:17.08657+03	50	\N	23	\N	[]	[]	[]	pending	3	\N	[]	14	0	\N
\.


--
-- Data for Name: corrective_actions; Type: TABLE DATA; Schema: public; Owner: postgres
--

COPY public.corrective_actions (id, capa_id, task, description, assigned_to_id, due_date, completed_date, status, completion_percentage, notes, created_at, updated_at) FROM stdin;
\.


--
-- Data for Name: departments; Type: TABLE DATA; Schema: public; Owner: postgres
--

COPY public.departments (id, name, name_en, code, description, location, floor, building, is_active, created_at, managers) FROM stdin;
1	تنويم الباطنية نساء	Female Medical Inpatient	NUR	قسم التمريض والعناية بالمرضى	المبنى الرئيسي	الاول	التنويم	t	2025-09-08 14:12:21.401827+03	[37]
3	العناية المركزة	ICU	ICU	وحدة العناية المركزة	المبنى الرئيسي	الاول	التنويم	t	2025-09-08 14:12:21.401827+03	[36]
6	النساء والولادة	Obstetrics	OBS	قسم النساء والولادة	المبنى الرئيسي	الارضي	الادارة	t	2025-09-08 14:12:21.401827+03	[24]
17	قسم الأطفال	\N	PEDS	قسم طب الأطفال والرضع	الطابق الرابع	الاول	التنويم	t	2025-09-10 05:32:55.12349+03	[1, 30]
2	الطوارئ	Emergency	EMR	قسم الطوارئ والحالات الحرجة	المبنى الرئيسي	الارضي	التنويم	t	2025-09-08 14:12:21.401827+03	[35, 40]
21	العمليات	\N	SURG	قسم العمليات الجراحية	\N	\N	\N	t	2025-10-09 12:30:23.80967+03	\N
\.


--
-- Data for Name: evaluation_categories; Type: TABLE DATA; Schema: public; Owner: postgres
--

COPY public.evaluation_categories (id, name, name_en, description, color, icon, is_active, created_at, updated_at) FROM stdin;
12	جودة الرعاية	Quality of Care	ضمان تقديم رعاية صحية عالية الجودة وفقاً للمعايير المهنية المعتمدة	cyan	check-circle	t	2025-09-15 12:34:35.316949+03	2025-09-15 12:34:35.316949+03
13	إدارة الأدوية	Medication Management	ضمان الاستخدام الآمن والفعال للأدوية في جميع مراحل العلاج\n	gray	pill	t	2025-09-15 12:35:47.050394+03	2025-09-15 12:35:47.050394+03
14	البيئة والمرافق	Environment & Facilities	ضمان بيئة صحية وآمنة ومرافق مناسبة لتقديم الرعاية الصحية\n	green	star	t	2025-09-15 12:37:15.306974+03	2025-09-15 12:37:15.306974+03
15	 إدارة المعلومات	Information Management	ضمان دقة وسرية وأمان المعلومات الطبية وسهولة الوصول إليها\n	gray	file-text	t	2025-09-15 12:37:53.814792+03	2025-09-15 12:37:53.814792+03
16	الموارد البشرية	Human Resources	ضمان توفر الكوادر المؤهلة والمدربة لتقديم رعاية صحية عالية الجودة\n	blue	activity	t	2025-09-15 12:38:37.170218+03	2025-09-15 12:38:37.170218+03
17	حقوق المرضى	Patients' Rights	احترام وحماية حقوق المرضى وضمان تقديم رعاية متمركزة حول المريض\n	yellow	clipboard-check	t	2025-09-15 12:39:25.861584+03	2025-09-15 12:39:25.861584+03
11	سلامة المرضى	Patient Safety	ضمان بيئة آمنة للمرضى وتقليل المخاطر المحتملة أثناء تقديم الرعاية\n	orange	heart	t	2025-09-15 12:33:51.793808+03	2025-09-15 12:33:51.793808+03
10	مكافحة العدوى	Infection Control	منع انتشار العدوى والأمراض المعدية داخل المرافق الصحية لحماية المرضى والعاملين\n	red	shield	t	2025-09-15 12:29:34.224779+03	2025-09-15 12:29:34.224779+03
\.


--
-- Data for Name: evaluation_comment_templates; Type: TABLE DATA; Schema: public; Owner: postgres
--

COPY public.evaluation_comment_templates (id, evaluation_item_id, category_id, comment_text_ar, comment_text_en, usage_count, created_by, is_public, created_at, updated_at) FROM stdin;
\.


--
-- Data for Name: evaluation_items; Type: TABLE DATA; Schema: public; Owner: postgres
--

COPY public.evaluation_items (id, code, title, title_en, description, objective, category_id, category_name, category_color, is_active, is_required, weight, risk_level, evidence_type, guidance_ar, guidance_en, standard_version, created_at, updated_at) FROM stdin;
21	جو-004	تقييم الألم	Assess patient pain		WHO Patient Safety Goals	12	جودة الرعاية	cyan	t	f	6	MINOR	OBSERVATION	تقييم وإدارة الألم للمرضى	Assess and manage patient pain		2025-09-15 12:51:02.773526+03	2025-09-15 12:51:02.773526+03
23	إد-001	تخزين الأدوية	Store medications		سباهي (CBAHI)	13	إدارة الأدوية	gray	t	f	8	MAJOR	OBSERVATION	تخزين الأدوية في درجة حرارة مناسبة	Store medications at appropriate temperature		2025-09-15 12:52:53.611553+03	2025-09-15 12:52:53.611553+03
24	إد-002	مراجعة الوصفات			WHO Patient Safety Goals	13	إدارة الأدوية	gray	t	f	9	CRITICAL	OBSERVATION	مراجعة جميع الوصفات الطبية	Review all medical prescriptions		2025-09-15 12:53:19.623793+03	2025-09-15 12:53:19.623793+03
8	مك-001	تطبيق نظافة اليدين	Hand hygiene		سباهي (CBAHI),WHO Patient Safety Goals	10	مكافحة العدوى	red	t	f	9	CRITICAL	OBSERVATION	يجب غسل اليدين قبل وبعد لمس المريض	Hand hygiene must be performed before and after patient contact		2025-09-15 12:41:06.290062+03	2025-09-15 12:41:06.290062+03
9	مك-002	استخدام معدات الحماية الشخصية	Use of personal protective equipment		سباهي (CBAHI),هدف داخلي للمستشفى	10	مكافحة العدوى	red	t	f	8	MAJOR	OBSERVATION	ارتداء القفازات والكمامات حسب الإجراءات	Wear gloves and masks according to procedures		2025-09-15 12:42:14.879595+03	2025-09-15 12:42:14.879595+03
10	مك-003	عزل المرضى المصابين بعدوى	Isolate patients with infections		WHO Patient Safety Goals	10	مكافحة العدوى	red	t	f	10	CRITICAL	OBSERVATION	عزل المرضى حسب نوع العدوى	Isolate patients according to infection type		2025-09-15 12:43:03.313791+03	2025-09-15 12:43:03.313791+03
11	مك-004	تعقيم الأدوات الطبية	Sterilization of medical instruments		سباهي (CBAHI)	10	مكافحة العدوى	red	t	f	9	CRITICAL	OBSERVATION	تعقيم جميع الأدوات الطبية قبل الاستخدام	Sterilize all medical instruments before use		2025-09-15 12:43:41.903602+03	2025-09-15 12:43:41.903602+03
12	مك-005	إدارة النفايات الطبية	Medical Waste Management		هدف داخلي للمستشفى	10	مكافحة العدوى	red	t	f	7	MAJOR	OBSERVATION	فصل وتصنيف النفايات الطبية	Segregate and classify medical waste\n		2025-09-15 12:44:16.230664+03	2025-09-15 12:44:16.230664+03
13	سل-001	تحديد هوية المريض	Patient Identification		سباهي (CBAHI),WHO Patient Safety Goals,هدف داخلي للمستشفى	11	سلامة المرضى	orange	t	f	10	CRITICAL	OBSERVATION	استخدام معرفين مختلفين للمريض	Use two different patient identifiers		2025-09-15 12:44:58.780132+03	2025-09-15 12:44:58.780132+03
14	سل-002	منع السقوط	Fall prevention		سباهي (CBAHI),هدف داخلي للمستشفى	11	سلامة المرضى	orange	t	f	8	MAJOR	OBSERVATION	تقييم خطر السقوط لكل مريض	Assess fall risk for each patient		2025-09-15 12:45:43.601008+03	2025-09-15 12:45:43.601008+03
15	سل-003	سلامة الأدوية	Medication Safety		سباهي (CBAHI),WHO Patient Safety Goals	11	سلامة المرضى	orange	t	f	5	MINOR	OBSERVATION	مراجعة الأدوية قبل الصرف	Review medications before dispensing		2025-09-15 12:46:25.812751+03	2025-09-15 12:46:25.812751+03
16	سل-004	التواصل الفعال	Effective Communication		سباهي (CBAHI)	11	سلامة المرضى	orange	t	f	7	MAJOR	OBSERVATION	تواصل واضح بين الفريق الطبي	Clear communication among medical team		2025-09-15 12:47:05.532156+03	2025-09-15 12:47:05.532156+03
17	سل-005	جراحة الموقع الصحيح	Verify surgical site		سباهي (CBAHI),WHO Patient Safety Goals	11	سلامة المرضى	orange	t	f	10	CRITICAL	OBSERVATION	التحقق من الموقع قبل الجراحة	Verify surgical site before operation\n		2025-09-15 12:48:34.613062+03	2025-09-15 12:48:34.613062+03
18	جو-001	البروتوكولات السريرية	Clinical Protocols		سباهي (CBAHI)	12	جودة الرعاية	cyan	t	f	8	MAJOR	OBSERVATION	اتباع البروتوكولات المعتمدة	Follow approved clinical protocols		2025-09-15 12:49:18.029044+03	2025-09-15 12:49:18.029044+03
19	جو-002	مراقبة العلامات الحيوية	Monitor vital signs		هدف داخلي للمستشفى	12	جودة الرعاية	cyan	t	f	7	MAJOR	OBSERVATION	قياس العلامات الحيوية بانتظام	Monitor vital signs regularly		2025-09-15 12:49:54.195498+03	2025-09-15 12:49:54.195498+03
20	جو-003	التوثيق الطبي			سباهي (CBAHI)	12	جودة الرعاية	cyan	t	f	8	MAJOR	OBSERVATION	توثيق دقيق وشامل للحالة	Accurate and comprehensive medical documentation		2025-09-15 12:50:22.058145+03	2025-09-15 12:50:22.058145+03
26	إد-004	تعليم المريض	Educate patient		هدف داخلي للمستشفى	13	إدارة الأدوية	gray	t	f	6	MINOR	OBSERVATION	تثقيف المريض حول أدويته	Educate patient about their medications		2025-09-15 12:54:14.24169+03	2025-09-15 12:54:14.24169+03
25	إد-003	تسمية الأدوية	labeling of medications		سباهي (CBAHI)	13	إدارة الأدوية	gray	t	f	9	CRITICAL	OBSERVATION	تسمية واضحة لجميع الأدوية	Clear labeling of all medications		2025-09-15 12:53:42.804089+03	2025-09-15 12:53:42.804089+03
27	إد-005	مراقبة الآثار الجانبية	Monitor side effects		سباهي (CBAHI)	13	إدارة الأدوية	gray	t	f	8	MAJOR	OBSERVATION	مراقبة وتسجيل الآثار الجانبية	Monitor and document side effects\n		2025-09-15 12:55:22.196616+03	2025-09-15 12:55:22.196616+03
33	 إ-001	سرية المعلومات	Data Confidentiality		سباهي (CBAHI)	15	 إدارة المعلومات	gray	t	f	9	CRITICAL	OBSERVATION	حماية سرية بيانات المرضى	Protect patient data confidentiality		2025-09-15 13:00:20.597614+03	2025-09-15 13:00:20.597614+03
30	ال-003	التهوية والإضاءة	ventilation and lighting		سباهي (CBAHI),WHO Patient Safety Goals,هدف داخلي للمستشفى	14	البيئة والمرافق	green	t	f	6	MINOR	OBSERVATION	تهوية وإضاءة كافية في جميع المناطق	Adequate ventilation and lighting		2025-09-15 12:57:29.004752+03	2025-09-15 12:57:29.004752+03
31	ال-004	صيانة المعدات	Equipment Maintenance		WHO Patient Safety Goals,هدف داخلي للمستشفى	14	البيئة والمرافق	green	t	f	8	MAJOR	DOCUMENT	صيانة دورية لجميع المعدات	Regular maintenance of all equipment		2025-09-15 12:58:42.871363+03	2025-09-15 12:58:42.871363+03
22	جو-005	خطة الرعاية	care plan		هدف داخلي للمستشفى	12	جودة الرعاية	cyan	t	f	7	MAJOR	INTERVIEW,OBSERVATION,DOCUMENT	وضع خطة رعاية فردية لكل مريض	Develop individual care plan for each patient\n		2025-09-15 12:52:25.05324+03	2025-09-15 12:52:25.05324+03
32	ال-005	إمكانية الوصول	 Disabilities Access		سباهي (CBAHI)	14	البيئة والمرافق	green	t	f	5	MINOR	INTERVIEW,OBSERVATION	تسهيل الوصول لذوي الاحتياجات الخاصة	Facilitate access for people with disabilities\n		2025-09-15 12:59:42.337516+03	2025-09-15 12:59:42.337516+03
34	 إ-002	النسخ الاحتياطية	Data Backups		هدف داخلي للمستشفى	15	 إدارة المعلومات	gray	t	f	8	MAJOR	OBSERVATION	عمل نسخ احتياطية منتظمة	Regular data backups		2025-09-15 13:00:53.908735+03	2025-09-15 13:00:53.908735+03
35	 إ-003	دقة التوثيق	Accurate documentation		سباهي (CBAHI)	15	 إدارة المعلومات	gray	t	f	8	MAJOR	OBSERVATION	توثيق دقيق لجميع المعلومات	Accurate documentation of all information		2025-09-15 13:01:25.798248+03	2025-09-15 13:01:25.798248+03
37	 إ-005	التدريب على النظام	Train staff on system		سباهي (CBAHI)	15	 إدارة المعلومات	gray	t	f	6	MINOR	OBSERVATION	تدريب الموظفين على استخدام الأنظمة	Train staff on system usage\n		2025-09-15 13:02:35.301311+03	2025-09-15 13:02:35.301311+03
61	حق-003	الشكاوى والاقتراحات	complaints and suggestions		هدف داخلي للمستشفى	17	حقوق المرضى	yellow	t	f	6	MINOR	OBSERVATION	نظام فعال للشكاوى والاقتراحات	Effective complaints and suggestions system		2025-09-15 13:06:44.718008+03	2025-09-15 13:06:44.718008+03
63	حق-005	المشاركة في القرارات	Involve patient		هدف داخلي للمستشفى	17	حقوق المرضى	yellow	t	f	7	MAJOR	OBSERVATION	إشراك المريض في قرارات العلاج	Involve patient in treatment decisions\n		2025-09-15 13:07:53.896912+03	2025-09-15 13:07:53.896912+03
68	ال-008	نسبة التمريض للمرضى	nurse-to-patient ratio		سباهي (CBAHI)	16	الموارد البشرية	blue	t	f	8	MAJOR	OBSERVATION	نسبة مناسبة من التمريض للمرضى	Appropriate nurse-to-patient ratio		2025-09-15 13:27:44.272407+03	2025-09-15 13:27:44.272407+03
70	ال-010	الصحة المهنية	Employee health protection		سباهي (CBAHI)	16	الموارد البشرية	blue	t	f	7	MAJOR	OBSERVATION	برامج حماية صحة الموظفين	Employee health protection programs\n		2025-09-15 13:28:43.339871+03	2025-09-15 13:28:43.339871+03
36	 إ-004	أمان النظام	Protect systems		هدف داخلي للمستشفى	15	 إدارة المعلومات	gray	t	f	9	CRITICAL	OBSERVATION	حماية الأنظمة من الاختراق	Protect systems from unauthorized access		2025-09-15 13:02:01.561176+03	2025-09-15 13:02:01.561176+03
58	حق-001	الموافقة المستنيرة	informed consent		سباهي (CBAHI)	17	حقوق المرضى	yellow	t	f	9	CRITICAL	OBSERVATION	الحصول على موافقة مستنيرة من المريض	Obtain informed consent from patient		2025-09-15 13:05:33.641341+03	2025-09-15 13:05:33.641341+03
59	حق-002	الخصوصية والكرامة	Privacy and dignity		WHO Patient Safety Goals	17	حقوق المرضى	yellow	t	f	8	MAJOR	OBSERVATION	احترام خصوصية وكرامة المريض	Respect patient privacy and dignity		2025-09-15 13:06:12.141947+03	2025-09-15 13:06:12.141947+03
65	مو-002	عنصر آخر للموارد البشرية	Another HR Item	عنصر آخر للاختبار	اختبار	16	الموارد البشرية	blue	t	f	3	MAJOR	DOCUMENT	اختبار آخر	Another test	\N	2025-09-15 13:13:10.980568+03	2025-09-15 13:13:10.980568+03
66	ال-006	التأهيل والتراخيص	Verify licenses		سباهي (CBAHI)	16	الموارد البشرية	blue	t	f	9	CRITICAL	OBSERVATION	التحقق من تراخيص جميع الموظفين	Verify licenses of all staff		2025-09-15 13:26:25.638586+03	2025-09-15 13:26:25.638586+03
67	ال-007	التدريب المستمر	Continuous training		هدف داخلي للمستشفى	16	الموارد البشرية	blue	t	f	7	MAJOR	OBSERVATION	برامج تدريب مستمرة للموظفين	Continuous training programs for staff		2025-09-15 13:27:16.3088+03	2025-09-15 13:27:16.3088+03
69	ال-009	تقييم الأداء	performance evaluation		هدف داخلي للمستشفى	16	الموارد البشرية	blue	t	f	6	MINOR	OBSERVATION	تقييم دوري لأداء الموظفين	Regular staff performance evaluation		2025-09-15 13:28:09.803302+03	2025-09-15 13:28:09.803302+03
62	حق-004	التثقيف الصحي	Educate patients		سباهي (CBAHI)	17	حقوق المرضى	yellow	t	f	5	MINOR	OBSERVATION	تثقيف المرضى حول حالتهم الصحية	Educate patients about their health condition		2025-09-15 13:07:22.319024+03	2025-09-15 13:07:22.319024+03
64	مو-001	اختبار إضافة عنصر	Test Item Addition	اختبار إضافة عنصر جديد	اختبار	16	الموارد البشرية	blue	f	f	5	MINOR	OBSERVATION	اختبار	Test	\N	2025-09-15 13:13:04.083695+03	2025-09-15 13:13:04.083695+03
28	ال-001	النظافة العامة	Maintain cleanliness 	تاتاتاتا	سباهي (CBAHI),JCI,WHO Patient Safety Goals,هدف داخلي للمستشفى	14	البيئة والمرافق	green	t	f	7	MAJOR	OBSERVATION	الحفاظ على نظافة جميع المناطق	Maintain cleanliness in all areas		2025-09-15 12:56:01.887753+03	2025-09-15 12:56:01.887753+03
29	ال-002	السلامة من الحرائق	Fire Safety		سباهي (CBAHI),WHO Patient Safety Goals,هدف داخلي للمستشفى	14	البيئة والمرافق	green	t	f	9	CRITICAL	INTERVIEW,OBSERVATION,DOCUMENT	توفر أنظمة إنذار ومكافحة الحرائق	Fire alarm and suppression systems available		2025-09-15 12:56:59.343514+03	2025-09-15 12:56:59.343514+03
\.


--
-- Data for Name: evaluation_results; Type: TABLE DATA; Schema: public; Owner: postgres
--

COPY public.evaluation_results (id, round_id, item_id, score, comments, evidence_files, evaluated_by, evaluated_at) FROM stdin;
\.


--
-- Data for Name: notifications; Type: TABLE DATA; Schema: public; Owner: postgres
--

COPY public.notifications (id, user_id, title, message, notification_type, status, entity_type, entity_id, is_email_sent, email_sent_at, created_at, read_at) FROM stdin;
22	35	خطة تصحيحية جديدة	تم تعيين خطة تصحيحية 'اختبار نظام الإشعارات' في قسم الطوارئ من قبل مدير محدث النظام	capa_assigned	unread	CAPA	76	f	\N	2025-09-16 11:27:18.130102+03	\N
24	35	خطة تصحيحية جديدة	تم تعيين خطة تصحيحية 'اختبار نظام الإشعارات' في قسم الطوارئ من قبل مدير محدث النظام	capa_assigned	unread	CAPA	77	f	\N	2025-09-16 11:28:23.377245+03	\N
27	40	جولة جديدة مطلوبة	تم تعيين جولة 'جولة سريعة' في قسم تنويم الباطنية نساء من قبل مدير محدث النظام	round_assigned	unread	ROUND	35	f	\N	2025-09-16 11:54:34.050906+03	\N
28	39	جولة جديدة مطلوبة	تم تعيين جولة 'جولة سريعة' في قسم تنويم الباطنية نساء من قبل مدير محدث النظام	round_assigned	unread	ROUND	35	f	\N	2025-09-16 11:54:34.057219+03	\N
29	38	جولة جديدة مطلوبة	تم تعيين جولة 'جولة سريعة' في قسم تنويم الباطنية نساء من قبل مدير محدث النظام	round_assigned	unread	ROUND	35	f	\N	2025-09-16 11:54:35.99764+03	\N
30	35	جولة جديدة مطلوبة	تم تعيين جولة 'جولة سريعة' في قسم تنويم الباطنية نساء من قبل مدير محدث النظام	round_assigned	unread	ROUND	35	f	\N	2025-09-16 11:54:37.513205+03	\N
31	40	جولة جديدة مطلوبة	تم تعيين جولة 'جولة اختبار بعد الإصلاح' في قسم تنويم الباطنية نساء من قبل مدير محدث النظام	round_assigned	unread	ROUND	39	f	\N	2025-09-16 11:57:21.850167+03	\N
32	39	جولة جديدة مطلوبة	تم تعيين جولة 'جولة اختبار بعد الإصلاح' في قسم تنويم الباطنية نساء من قبل مدير محدث النظام	round_assigned	unread	ROUND	39	f	\N	2025-09-16 11:57:21.852272+03	\N
33	40	جولة جديدة مطلوبة	تم تعيين جولة 'جولة رقم١' في قسم تنويم الباطنية نساء من قبل مدير محدث النظام	round_assigned	unread	ROUND	40	f	\N	2025-09-16 12:43:14.209926+03	\N
34	1	جولة جديدة مطلوبة	تم تعيين جولة 'جولة رقم١' في قسم تنويم الباطنية نساء من قبل مدير محدث النظام	round_assigned	unread	ROUND	40	f	\N	2025-09-16 12:43:14.213822+03	\N
35	36	جولة جديدة مطلوبة	تم تعيين جولة 'جولة رقم١' في قسم تنويم الباطنية نساء من قبل مدير محدث النظام	round_assigned	unread	ROUND	40	f	\N	2025-09-16 12:43:16.022199+03	\N
36	37	جولة جديدة مطلوبة	تم تعيين جولة 'جولة رقم١' في قسم تنويم الباطنية نساء من قبل مدير محدث النظام	round_assigned	unread	ROUND	40	f	\N	2025-09-16 12:43:17.684464+03	\N
39	37	خطة تصحيحية جديدة	تم تعيين خطة تصحيحية 'عدم الامتثال: النظافة العامة' في قسم تنويم الباطنية نساء من قبل امجاد الملحان	capa_assigned	unread	CAPA	78	f	\N	2025-09-16 12:45:00.699426+03	\N
42	37	خطة تصحيحية جديدة	تم تعيين خطة تصحيحية 'عدم الامتثال: صيانة المعدات' في قسم تنويم الباطنية نساء من قبل امجاد الملحان	capa_assigned	unread	CAPA	79	f	\N	2025-09-16 12:45:02.952076+03	\N
45	37	خطة تصحيحية جديدة	تم تعيين خطة تصحيحية 'عدم الامتثال: الصحة المهنية' في قسم تنويم الباطنية نساء من قبل امجاد الملحان	capa_assigned	unread	CAPA	80	f	\N	2025-09-16 12:45:04.689914+03	\N
48	37	خطة تصحيحية جديدة	تم تعيين خطة تصحيحية 'عدم الامتثال: النظافة العامة' في قسم تنويم الباطنية نساء من قبل امجاد الملحان	capa_assigned	unread	CAPA	81	f	\N	2025-09-16 12:45:08.63731+03	\N
51	37	خطة تصحيحية جديدة	تم تعيين خطة تصحيحية 'عدم الامتثال: صيانة المعدات' في قسم تنويم الباطنية نساء من قبل امجاد الملحان	capa_assigned	unread	CAPA	82	f	\N	2025-09-16 12:45:10.488836+03	\N
54	37	خطة تصحيحية جديدة	تم تعيين خطة تصحيحية 'عدم الامتثال: الصحة المهنية' في قسم تنويم الباطنية نساء من قبل امجاد الملحان	capa_assigned	unread	CAPA	83	f	\N	2025-09-16 12:45:12.670188+03	\N
57	37	خطة تصحيحية جديدة	تم تعيين خطة تصحيحية 'خطة تصحيحية - جولة رقم١' في قسم تنويم الباطنية نساء من قبل امجاد الملحان	capa_assigned	unread	CAPA	84	f	\N	2025-09-16 12:45:14.589167+03	\N
66	37	خطة تصحيحية جديدة	تم تعيين خطة تصحيحية 'عدم الامتثال: خطة الرعاية' في قسم تنويم الباطنية نساء من قبل مدير محدث النظام	capa_assigned	unread	CAPA	86	f	\N	2025-09-16 13:05:26.937905+03	\N
58	1	جولة جديدة مطلوبة	تم تعيين جولة 'جديدة صالح' في قسم تنويم الباطنية نساء من قبل مدير محدث النظام	round_assigned	unread	ROUND	47	f	\N	2025-09-16 13:04:35.719205+03	\N
72	37	خطة تصحيحية جديدة	تم تعيين خطة تصحيحية 'عدم الامتثال: خطة الرعاية' في قسم تنويم الباطنية نساء من قبل مدير محدث النظام	capa_assigned	unread	CAPA	88	f	\N	2025-09-16 13:05:32.391746+03	\N
59	39	جولة جديدة مطلوبة	تم تعيين جولة 'جديدة صالح' في قسم تنويم الباطنية نساء من قبل مدير محدث النظام	round_assigned	unread	ROUND	47	f	\N	2025-09-16 13:04:35.724478+03	\N
60	37	جولة جديدة مطلوبة	تم تعيين جولة 'جديدة صالح' في قسم تنويم الباطنية نساء من قبل مدير محدث النظام	round_assigned	unread	ROUND	47	f	\N	2025-09-16 13:04:38.168297+03	\N
69	37	خطة تصحيحية جديدة	تم تعيين خطة تصحيحية 'عدم الامتثال: تقييم الألم' في قسم تنويم الباطنية نساء من قبل مدير محدث النظام	capa_assigned	unread	CAPA	87	f	\N	2025-09-16 13:05:30.612948+03	\N
75	37	خطة تصحيحية جديدة	تم تعيين خطة تصحيحية 'خطة تصحيحية - جديدة صالح' في قسم تنويم الباطنية نساء من قبل مدير محدث النظام	capa_assigned	unread	CAPA	89	f	\N	2025-09-16 13:05:34.204375+03	\N
63	37	خطة تصحيحية جديدة	تم تعيين خطة تصحيحية 'عدم الامتثال: تقييم الألم' في قسم تنويم الباطنية نساء من قبل مدير محدث النظام	capa_assigned	unread	CAPA	85	f	\N	2025-09-16 13:05:24.625956+03	\N
76	1	خطة تصحيحية جديدة	تم تعيين خطة تصحيحية 'عدم الامتثال: خطة الرعاية' في قسم قسم الأطفال من قبل مدير محدث النظام	capa_assigned	unread	CAPA	92	f	\N	2025-09-16 20:22:37.206612+03	\N
77	30	خطة تصحيحية جديدة	تم تعيين خطة تصحيحية 'عدم الامتثال: خطة الرعاية' في قسم قسم الأطفال من قبل مدير محدث النظام	capa_assigned	unread	CAPA	92	f	\N	2025-09-16 20:22:37.22039+03	\N
78	1	خطة تصحيحية جديدة	تم تعيين خطة تصحيحية 'عدم الامتثال: تخزين الأدوية' في قسم قسم الأطفال من قبل مدير محدث النظام	capa_assigned	unread	CAPA	93	f	\N	2025-09-16 20:22:40.890793+03	\N
79	30	خطة تصحيحية جديدة	تم تعيين خطة تصحيحية 'عدم الامتثال: تخزين الأدوية' في قسم قسم الأطفال من قبل مدير محدث النظام	capa_assigned	unread	CAPA	93	f	\N	2025-09-16 20:22:40.89806+03	\N
80	35	خطة تصحيحية جديدة	تم تعيين خطة تصحيحية 'عدم الامتثال: مراقبة العلامات الحيوية' في قسم الطوارئ من قبل ناصر  الشائع	capa_assigned	unread	CAPA	94	f	\N	2025-09-16 20:59:18.668271+03	\N
81	40	خطة تصحيحية جديدة	تم تعيين خطة تصحيحية 'عدم الامتثال: مراقبة العلامات الحيوية' في قسم الطوارئ من قبل ناصر  الشائع	capa_assigned	unread	CAPA	94	f	\N	2025-09-16 20:59:18.673858+03	\N
82	35	خطة تصحيحية جديدة	تم تعيين خطة تصحيحية 'عدم الامتثال: تقييم الألم' في قسم الطوارئ من قبل ناصر  الشائع	capa_assigned	unread	CAPA	95	f	\N	2025-09-16 20:59:22.487692+03	\N
83	40	خطة تصحيحية جديدة	تم تعيين خطة تصحيحية 'عدم الامتثال: تقييم الألم' في قسم الطوارئ من قبل ناصر  الشائع	capa_assigned	unread	CAPA	95	f	\N	2025-09-16 20:59:22.492397+03	\N
84	35	خطة تصحيحية جديدة	تم تعيين خطة تصحيحية 'عدم الامتثال: النظافة العامة' في قسم الطوارئ من قبل ناصر  الشائع	capa_assigned	unread	CAPA	96	f	\N	2025-09-16 20:59:26.245937+03	\N
85	40	خطة تصحيحية جديدة	تم تعيين خطة تصحيحية 'عدم الامتثال: النظافة العامة' في قسم الطوارئ من قبل ناصر  الشائع	capa_assigned	unread	CAPA	96	f	\N	2025-09-16 20:59:26.250957+03	\N
86	35	خطة تصحيحية جديدة	تم تعيين خطة تصحيحية 'عدم الامتثال: مراقبة العلامات الحيوية' في قسم الطوارئ من قبل ناصر  الشائع	capa_assigned	unread	CAPA	97	f	\N	2025-09-16 20:59:31.495303+03	\N
87	40	خطة تصحيحية جديدة	تم تعيين خطة تصحيحية 'عدم الامتثال: مراقبة العلامات الحيوية' في قسم الطوارئ من قبل ناصر  الشائع	capa_assigned	unread	CAPA	97	f	\N	2025-09-16 20:59:31.498501+03	\N
88	35	خطة تصحيحية جديدة	تم تعيين خطة تصحيحية 'عدم الامتثال: تقييم الألم' في قسم الطوارئ من قبل ناصر  الشائع	capa_assigned	unread	CAPA	98	f	\N	2025-09-16 20:59:34.879399+03	\N
89	40	خطة تصحيحية جديدة	تم تعيين خطة تصحيحية 'عدم الامتثال: تقييم الألم' في قسم الطوارئ من قبل ناصر  الشائع	capa_assigned	unread	CAPA	98	f	\N	2025-09-16 20:59:34.882926+03	\N
90	35	خطة تصحيحية جديدة	تم تعيين خطة تصحيحية 'عدم الامتثال: النظافة العامة' في قسم الطوارئ من قبل ناصر  الشائع	capa_assigned	unread	CAPA	99	f	\N	2025-09-16 20:59:38.350463+03	\N
91	40	خطة تصحيحية جديدة	تم تعيين خطة تصحيحية 'عدم الامتثال: النظافة العامة' في قسم الطوارئ من قبل ناصر  الشائع	capa_assigned	unread	CAPA	99	f	\N	2025-09-16 20:59:38.357618+03	\N
92	35	خطة تصحيحية جديدة	تم تعيين خطة تصحيحية 'خطة تصحيحية - ER QPS' في قسم الطوارئ من قبل ناصر  الشائع	capa_assigned	unread	CAPA	100	f	\N	2025-09-16 20:59:42.009294+03	\N
93	40	خطة تصحيحية جديدة	تم تعيين خطة تصحيحية 'خطة تصحيحية - ER QPS' في قسم الطوارئ من قبل ناصر  الشائع	capa_assigned	unread	CAPA	100	f	\N	2025-09-16 20:59:42.012737+03	\N
94	37	خطة تصحيحية جديدة	تم تعيين خطة تصحيحية 'عدم الامتثال: سلامة الأدوية' في قسم تنويم الباطنية نساء من قبل امجاد الملحان	capa_assigned	unread	CAPA	101	f	\N	2025-09-17 09:04:30.229632+03	\N
95	37	خطة تصحيحية جديدة	تم تعيين خطة تصحيحية 'عدم الامتثال: الشكاوى والاقتراحات' في قسم تنويم الباطنية نساء من قبل امجاد الملحان	capa_assigned	unread	CAPA	102	f	\N	2025-09-17 09:04:31.896038+03	\N
96	37	خطة تصحيحية جديدة	تم تعيين خطة تصحيحية 'عدم الامتثال: سلامة الأدوية' في قسم تنويم الباطنية نساء من قبل امجاد الملحان	capa_assigned	unread	CAPA	103	f	\N	2025-09-17 09:04:34.930504+03	\N
97	37	خطة تصحيحية جديدة	تم تعيين خطة تصحيحية 'عدم الامتثال: الشكاوى والاقتراحات' في قسم تنويم الباطنية نساء من قبل امجاد الملحان	capa_assigned	unread	CAPA	104	f	\N	2025-09-17 09:04:36.594865+03	\N
98	37	خطة تصحيحية جديدة	تم تعيين خطة تصحيحية 'خطة تصحيحية - جولة اختبار بعد الإصلاح' في قسم تنويم الباطنية نساء من قبل امجاد الملحان	capa_assigned	unread	CAPA	105	f	\N	2025-09-17 09:04:38.206783+03	\N
99	37	خطة تصحيحية جديدة	تم تعيين خطة تصحيحية 'عدم الامتثال: البروتوكولات السريرية' في قسم تنويم الباطنية نساء من قبل مدير محدث النظام	capa_assigned	unread	CAPA	106	f	\N	2025-09-17 10:15:54.323588+03	\N
100	37	خطة تصحيحية جديدة	تم تعيين خطة تصحيحية 'عدم الامتثال: مراقبة العلامات الحيوية' في قسم تنويم الباطنية نساء من قبل مدير محدث النظام	capa_assigned	unread	CAPA	107	f	\N	2025-09-17 10:15:57.766448+03	\N
101	37	خطة تصحيحية جديدة	تم تعيين خطة تصحيحية 'عدم الامتثال: البروتوكولات السريرية' في قسم تنويم الباطنية نساء من قبل مدير محدث النظام	capa_assigned	unread	CAPA	108	f	\N	2025-09-17 10:16:05.341409+03	\N
102	37	خطة تصحيحية جديدة	تم تعيين خطة تصحيحية 'عدم الامتثال: مراقبة العلامات الحيوية' في قسم تنويم الباطنية نساء من قبل مدير محدث النظام	capa_assigned	unread	CAPA	109	f	\N	2025-09-17 10:16:08.157741+03	\N
103	37	خطة تصحيحية جديدة	تم تعيين خطة تصحيحية 'خطة تصحيحية - جولة ابو يزيد' في قسم تنويم الباطنية نساء من قبل مدير محدث النظام	capa_assigned	unread	CAPA	110	f	\N	2025-09-17 10:16:10.417624+03	\N
104	37	خطة تصحيحية جديدة	تم تعيين خطة تصحيحية 'خطة تصحيحية لعنصر: عنصر 35' في قسم تنويم الباطنية نساء من قبل مدير محدث النظام	capa_assigned	unread	CAPA	137	f	\N	2025-09-24 13:31:28.504809+03	\N
105	37	خطة تصحيحية جديدة	تم تعيين خطة تصحيحية 'خطة تصحيحية لعنصر: عنصر 35' في قسم تنويم الباطنية نساء من قبل مدير محدث النظام	capa_assigned	unread	CAPA	138	f	\N	2025-09-24 13:31:34.645903+03	\N
106	37	خطة تصحيحية جديدة	تم تعيين خطة تصحيحية 'خطة تصحيحية لعنصر: عنصر 35' في قسم تنويم الباطنية نساء من قبل مدير محدث النظام	capa_assigned	unread	CAPA	139	f	\N	2025-09-24 13:31:38.168516+03	\N
107	37	خطة تصحيحية جديدة	تم تعيين خطة تصحيحية 'خطة تصحيحية لعنصر: عنصر 35' في قسم تنويم الباطنية نساء من قبل مدير محدث النظام	capa_assigned	unread	CAPA	140	f	\N	2025-09-24 13:31:44.474086+03	\N
108	37	خطة تصحيحية جديدة	تم تعيين خطة تصحيحية 'خطة تصحيحية لعنصر: عنصر 35' في قسم تنويم الباطنية نساء من قبل مدير محدث النظام	capa_assigned	unread	CAPA	141	f	\N	2025-09-24 13:31:47.537183+03	\N
109	37	خطة تصحيحية جديدة	تم تعيين خطة تصحيحية 'خطة تصحيحية لعنصر: عنصر 35' في قسم تنويم الباطنية نساء من قبل مدير محدث النظام	capa_assigned	unread	CAPA	142	f	\N	2025-09-24 13:31:50.66457+03	\N
110	36	خطة تصحيحية جديدة	تم تعيين خطة تصحيحية 'خطة تصحيحية لعنصر: عنصر 19' في قسم العناية المركزة من قبل مدير محدث النظام	capa_assigned	unread	CAPA	143	f	\N	2025-09-25 09:31:06.424793+03	\N
111	36	خطة تصحيحية جديدة	تم تعيين خطة تصحيحية 'خطة تصحيحية لعنصر: عنصر 19' في قسم العناية المركزة من قبل مدير محدث النظام	capa_assigned	unread	CAPA	144	f	\N	2025-09-25 09:31:07.936108+03	\N
112	36	خطة تصحيحية جديدة	تم تعيين خطة تصحيحية 'خطة تصحيحية لعنصر: عنصر 19' في قسم العناية المركزة من قبل مدير محدث النظام	capa_assigned	unread	CAPA	145	f	\N	2025-09-25 09:31:09.450399+03	\N
113	36	خطة تصحيحية جديدة	تم تعيين خطة تصحيحية 'خطة تصحيحية لعنصر: عنصر 19' في قسم العناية المركزة من قبل مدير محدث النظام	capa_assigned	unread	CAPA	146	f	\N	2025-09-25 09:31:11.466474+03	\N
114	36	خطة تصحيحية جديدة	تم تعيين خطة تصحيحية 'خطة تصحيحية لعنصر: عنصر 19' في قسم العناية المركزة من قبل مدير محدث النظام	capa_assigned	unread	CAPA	147	f	\N	2025-09-25 09:32:41.625334+03	\N
115	24	خطة تصحيحية جديدة	تم تعيين خطة تصحيحية 'خطة تصحيحية لعنصر: عنصر 21' في قسم النساء والولادة من قبل مدير محدث النظام	capa_assigned	unread	CAPA	277	f	\N	2025-10-08 11:40:41.069387+03	\N
\.


--
-- Data for Name: objective_options; Type: TABLE DATA; Schema: public; Owner: postgres
--

COPY public.objective_options (id, name, description, is_active, created_at, updated_at) FROM stdin;
1	سباهي (CBAHI)	المعايير السعودية للرعاية الصحية	t	2025-09-10 09:11:03.398355+03	2025-09-10 09:11:03.398355+03
3	WHO Patient Safety Goals	أهداف السلامة للمرضى - منظمة الصحة العالمية	t	2025-09-10 09:11:03.398355+03	2025-09-10 09:11:03.398355+03
4	هدف داخلي للمستشفى	معايير محلية خاصة بالمستشفى	t	2025-09-10 09:11:03.398355+03	2025-09-10 09:11:03.398355+03
\.


--
-- Data for Name: preventive_actions; Type: TABLE DATA; Schema: public; Owner: postgres
--

COPY public.preventive_actions (id, capa_id, task, description, assigned_to_id, due_date, completed_date, status, completion_percentage, notes, created_at, updated_at) FROM stdin;
\.


--
-- Data for Name: round_types; Type: TABLE DATA; Schema: public; Owner: postgres
--

COPY public.round_types (id, name, name_en, description, color, icon, is_active, sort_order, created_at, updated_at) FROM stdin;
1	جولة المتابعة	Patient Safety	الوصف: جولة تُجرى لمتابعة تنفيذ التوصيات والملاحظات من الجولات السابقة والتأكد من استمرارية تطبيق الإجراءات المطلوبة	green	heart	t	1	2025-09-15 20:22:04.868631+03	2025-09-15 20:22:04.868631+03
2	جولة الإجراءات التصحيحية	Infection Control	جولة متخصصة للتحقق من تنفيذ الإجراءات التصحيحية المطلوبة لمعالجة المخالفات أو النواقص المكتشفة في جولات سابقة.\n	orange	droplets	t	2	2025-09-15 20:22:04.868631+03	2025-09-15 20:22:04.868631+03
3	جولة التقييم الشامل	Medication Safety	 جولة تقييمية واسعة ومفصلة تغطي جميع جوانب القسم أو الخدمة بشكل كامل وعميق وفقاً لجميع المعايير المطبقة	pink	settings	t	3	2025-09-15 20:22:04.868631+03	2025-09-15 20:22:04.868631+03
4	جولة التحقق السريع	Equipment Safety	جولة سريعة ومحددة للتحقق من نقاط أساسية وحرجة دون الدخول في تفاصيل شاملة، تهدف للمراقبة المستمرة	orange	settings	t	4	2025-09-15 20:22:04.868631+03	2025-09-15 20:22:04.868631+03
\.


--
-- Data for Name: rounds; Type: TABLE DATA; Schema: public; Owner: postgres
--

COPY public.rounds (id, round_code, title, description, round_type, department, assigned_to, scheduled_date, status, priority, compliance_percentage, notes, created_by_id, created_at, evaluation_items, deadline, completion_percentage, end_date, assigned_to_ids, selected_categories) FROM stdin;
78	RND-MGL50C0M	العناية	الوصف	INFECTION_CONTROL	العناية المركزة	["\\u0646\\u0627\\u0635\\u0631  \\u0627\\u0644\\u0634\\u0627\\u0626\\u0639", "\\u0627\\u0646\\u0641\\u0627\\u0644 \\u0627\\u0644\\u062f\\u062d\\u0648\\u0645", "\\u0645\\u062f\\u064a\\u0631 \\u0645\\u062d\\u062f\\u062b \\u0627\\u0644\\u0646\\u0638\\u0627\\u0645"]	2025-10-09 10:00:00+03	SCHEDULED	urgent	0	تعليق للمقيمين	1	2025-10-10 20:46:02.446696+03	[21, 19, 20, 32, 28, 29]	\N	0	\N	[39, 38, 1]	[]
81	AUTO-HYGI-1760171958-3	جولة hygiene	جولة تلقائية لنوع hygiene	HYGIENE	التمريض	[]	2025-10-14 11:39:18.77682+03	SCHEDULED	medium	0	\N	1	2025-10-11 11:39:18.773854+03	[]	\N	0	\N	[]	[]
82	AUTO-MEDI-1760171958-4	جولة medication safety	جولة تلقائية لنوع medication_safety	MEDICATION_SAFETY	التمريض	[]	2025-10-15 11:39:18.77721+03	SCHEDULED	medium	0	\N	1	2025-10-11 11:39:18.773854+03	[]	\N	0	\N	[]	[]
84	AUTO-ENVI-1760171958-6	جولة environmental	جولة تلقائية لنوع environmental	ENVIRONMENTAL	التمريض	[]	2025-10-17 11:39:18.777901+03	SCHEDULED	medium	0	\N	1	2025-10-11 11:39:18.773854+03	[]	\N	0	\N	[]	[]
83	AUTO-EQUI-1760171958-5	جولة equipment safety	جولة تلقائية لنوع equipment_safety	EQUIPMENT_SAFETY	التمريض	[39, 38, 52, 1]	2025-10-16 10:00:00+03	SCHEDULED	high	0		1	2025-10-11 11:39:18.773854+03	[21, 18, 20, 32, 22, 28, 29]	\N	0	\N	[39, 38, 52, 1]	[]
85	AUTO-GENE-1760171958-7	جولة general	جولة تلقائية لنوع general	PATIENT_SAFETY	الطوارئ	[39, 1]	2025-10-18 10:00:00+03	SCHEDULED	medium	0		1	2025-10-11 11:39:18.773854+03	[8, 9, 63, 68, 67, 66, 69, 62]	\N	0	\N	[39, 1]	[]
77	RND-MGL4QDKI	جولة ١	الوصف	PATIENT_SAFETY	تنويم الباطنية نساء	["\\u0646\\u0627\\u0635\\u0631  \\u0627\\u0644\\u0634\\u0627\\u0626\\u0639", "\\u0627\\u0646\\u0641\\u0627\\u0644 \\u0627\\u0644\\u062f\\u062d\\u0648\\u0645", "Saleh Alzaid", "\\u0645\\u062f\\u064a\\u0631 \\u0645\\u062d\\u062f\\u062b \\u0627\\u0644\\u0646\\u0638\\u0627\\u0645"]	2025-10-09 10:00:00+03	SCHEDULED	high	0	تعليق للمقيمين	1	2025-10-10 20:38:51.560404+03	[23, 24, 9, 8, 68, 70, 66, 65, 67]	\N	0	\N	[39, 38, 50, 1]	[]
\.


--
-- Data for Name: user_notification_settings; Type: TABLE DATA; Schema: public; Owner: postgres
--

COPY public.user_notification_settings (id, user_id, email_notifications, sms_notifications, round_assignments, round_reminders, round_deadlines, capa_assignments, capa_deadlines, system_updates, weekly_reports, created_at, updated_at) FROM stdin;
1	39	t	f	t	t	t	t	t	f	t	2025-09-15 08:53:54.131048+03	2025-09-15 08:53:54.131048+03
2	38	t	f	t	t	t	t	t	f	t	2025-09-15 08:53:54.131048+03	2025-09-15 08:53:54.131048+03
3	40	t	f	t	t	t	t	t	f	t	2025-09-15 08:53:54.131048+03	2025-09-15 08:53:54.131048+03
4	30	t	f	t	t	t	t	t	f	t	2025-09-15 08:53:54.131048+03	2025-09-15 08:53:54.131048+03
5	1	t	f	t	t	t	t	t	f	t	2025-09-15 08:53:54.131048+03	2025-09-15 08:53:54.131048+03
6	24	t	f	t	t	t	t	t	f	t	2025-09-15 08:53:54.131048+03	2025-09-15 08:53:54.131048+03
7	35	t	f	t	t	t	t	t	f	t	2025-09-15 08:53:54.131048+03	2025-09-15 08:53:54.131048+03
8	36	t	f	t	t	t	t	t	f	t	2025-09-15 08:53:54.131048+03	2025-09-15 08:53:54.131048+03
9	37	t	f	t	t	t	t	t	f	t	2025-09-15 08:53:54.131048+03	2025-09-15 08:53:54.131048+03
\.


--
-- Data for Name: users; Type: TABLE DATA; Schema: public; Owner: postgres
--

COPY public.users (id, username, email, hashed_password, first_name, last_name, role, department, phone, "position", is_active, last_login, created_at, photo_url) FROM stdin;
44	viewer1	viewer@salamaty.com	$2b$12$2KecfyW.BiiTdx0.ubQnUuRZgTNOCYThTxlVGvwMgdkIFFwTwGvIy	خالد	المشاهد	VIEWER	\N	0501234571	مشاهد	t	\N	2025-09-17 18:58:32.208827+03	\N
39	nasser	nalshayea15@gmail.com	$2b$12$46sSKmi.OGh44QaWIYW8Fufi8va/ADeQaSs1x2bF5KJMArlH6idky	ناصر 	الشائع	ASSESSOR	الجودة وسلامة المرضى 	534252544	أخصائي جودة وسلامة المرضى	t	\N	2025-09-15 08:39:14.691229+03	\N
38	anfal	ptanfal95@gmail.com	$2b$12$1B2wLYgC/jwUyBxjELAoje5DFZNb1/1V3x41JfpJPXgyQ3wFfiCBi	انفال	الدحوم	ASSESSOR	الجودة وسلامة المرضى 	534252544	أخصائي جودة وسلامة المرضى  	t	\N	2025-09-15 08:26:11.934197+03	\N
50	ddsfgh	salh-zffd@hotmail.com	$2b$12$XG9m7WlOR67kr09OVnX1Xu.41babMQROriMXUQifCwyp.vP0wjPSe	Saleh	Alzaid	SUPER_ADMIN		534252544		t	\N	2025-09-27 09:36:38.185217+03	\N
30	test_admin	testadmin@salamaty.com	$2b$12$D9vhP2GyzUUeUh9vpj9I8.wPRYYsij4dJ4FoVgCDrymOxpAvykuIa	مدير	الاختبار	SUPER_ADMIN	IT	0501234567	مدير النظام	t	\N	2025-09-11 21:07:13.433687+03	data:image/jpeg;base64,/9j/4AAQSkZJRgABAQAAAQABAAD/4gHYSUNDX1BST0ZJTEUAAQEAAAHIAAAAAAQwAABtbnRyUkdCIFhZWiAH4AABAAEAAAAAAABhY3NwAAAAAAAAAAAAAAAAAAAAAAAAAAAAAAAAAAAAAQAA9tYAAQAAAADTLQAAAAAAAAAAAAAAAAAAAAAAAAAAAAAAAAAAAAAAAAAAAAAAAAAAAAAAAAAAAAAAAAAAAAlkZXNjAAAA8AAAACRyWFlaAAABFAAAABRnWFlaAAABKAAAABRiWFlaAAABPAAAABR3dHB0AAABUAAAABRyVFJDAAABZAAAAChnVFJDAAABZAAAAChiVFJDAAABZAAAAChjcHJ0AAABjAAAADxtbHVjAAAAAAAAAAEAAAAMZW5VUwAAAAgAAAAcAHMAUgBHAEJYWVogAAAAAAAAb6IAADj1AAADkFhZWiAAAAAAAABimQAAt4UAABjaWFlaIAAAAAAAACSgAAAPhAAAts9YWVogAAAAAAAA9tYAAQAAAADTLXBhcmEAAAAAAAQAAAACZmYAAPKnAAANWQAAE9AAAApbAAAAAAAAAABtbHVjAAAAAAAAAAEAAAAMZW5VUwAAACAAAAAcAEcAbwBvAGcAbABlACAASQBuAGMALgAgADIAMAAxADb/2wBDAAYEBQYFBAYGBQYHBwYIChAKCgkJChQODwwQFxQYGBcUFhYaHSUfGhsjHBYWICwgIyYnKSopGR8tMC0oMCUoKSj/2wBDAQcHBwoIChMKChMoGhYaKCgoKCgoKCgoKCgoKCgoKCgoKCgoKCgoKCgoKCgoKCgoKCgoKCgoKCgoKCgoKCgoKCj/wAARCAEnASwDASIAAhEBAxEB/8QAHQAAAQQDAQEAAAAAAAAAAAAAAAQFBgcCAwgBCf/EAEoQAAEDAwIDBQUFAwkHAgcAAAECAwQABREGIRIxQQcTIlFhFDJxgZEIFSOhsUJSwSRDYnKCkqLR4RYzNFOy8PFzwhcmNURjs/L/xAAbAQACAwEBAQAAAAAAAAAAAAAAAwECBAUGB//EADIRAAIBAwMCBQMEAgIDAQAAAAABAgMRIQQSMUFRBRMiYXEygZGhscHwBhRC4RUjUtH/2gAMAwEAAhEDEQA/AOVKKKKACiiigAooooAKKKKACiiigAooqR6Q0VqLV8xMbTtpkzVE4K0p4W0f1lnCR8zQBHK9AzXUWjfsqPuBt7V96DI5qjQBxK+HGoY+gNXNYezXs60a2j2WzwlSEfzsjMh1R8/FnHyAFSk3wVnOMFeTsjhXT2jdSajWE2Kx3Gd0K2WFFA+KsYHzNWRZvs39oFwCVSYcOAk8/aJKSR8k5rsVzVEZhAbhRDwJ2SDhIHyFN0jVM9zZoMtD0Tk/nTVQm+hin4np4cO/wc92/wCydeHEg3DU0COTzDMZbuPqU1I4f2TLWkD2zVM109e6iob/AFUqrScvNxczxTHfkQP0pMudKV70l4/2zV1pn3M78Xh0iyDJ+ylpXHivt7J9C0P/AGUnkfZPsCgfZtRXRs+bjTa/0AqemS//AM53++aBMkp92Q8P7Zqf9Z9yV4qn/wAf1KluH2S3xk2/VrS/JL8Ep/MLP6VFLt9l7WkQKMKVapwHIIdUgn+8P410Ui7T2/cmPj+2T+tLGNTXNk7vJdHk4gfwxVXppdGNj4lTfKZxVqLsk11p9Kl3DTVwLKdy7Hb79AHmSjOPnUHcbW0opcQpChzChgivo/H1kr/7mIk+rav4GtN0haK1agt321wX1q5mUwAr+/8A60t0prlGmGqpT4Z846K7M1j9mDTN2C5OlbhItTitwypXfsfLPiH1NUDr7sR1po3jekW43C3p39rg5dSB/ST7yfmMetLNBWNFeqBSSFAgjYg15QAUUUUAFFFFABRRRQAUUUUAFFFFABRRRQAUUUUAFFFFABRRRQAVINHaPvusbkIWnbc9MdyOJSRhDY81KOyR8auDsZ+zxctT9xddXB62WZQC22Bs/IHTY+4n1O56DrXU9uZsGiLSi06egsMNtcmWQAOL95auZPqcmrRi5OyF1a0KMd1R2RUHZx9meyWVDU/W0lN0loAWYzZKIyD5E7FfzwPSrkVd7XZoyYdliMoabGEtsIDbSPgAP0phuNzkz1ZfcPAOSBskfKkJrXDTJZkcDUeMSl6aKsu/UcZ95mzMhx4oR+434R/rTaTRXlaElHCOXKc6j3Td2BrE16axNSCQV4aDXhoGpBWJr01iagakFeGg14aBiR4a8NBryoGxQoiTpUNYXFfcbI8jsfiORqS27WKhhFxZC0nYrb5/SoiaxNUlCMuUaaVSdP6WLtc9kWh+0dlcppluFcyP+MhAIXn+mjkr5jPrXK3aj2Jao0Gt2Spj7zs43E2KknhH9NPNJ+o9a6eYfdjPJdjuKbcTyUk4NS6zauSsdxd0ApO3epG39oVmnQazE6NLUqWJYPnBRXZ/a39niz6njPXjRBYt1yUO89nTtGkfDHuH1G3oOdch6isVz03d37Ze4bsOaycLacTg+hHmD0I2rOahsooooAKKKKACiiigAooooAKKKKACiiigAoopXabdLu9yjW+2x3JMyQsNtNNjKlKPQUAY26DKuU5iHAYckSn1hDbTaeJS1HkAK7H7D+wSBpNlu+60QzKvKcONx1EKZidcnopfryHTzp/7EeyG2dmlq+9byWZOoHEfiv4ymOD/ADbf8TzPwqT3q7u3FzhGURx7qPP1NNp0nUfsYdbroaWOcyfCF161Ct/LMElDXVzkVfDyFR0nNFeVvjBQVkeUraipqJb6jPK8NBrw1YqkBrw0lnz48FKTIcwpaghCAMqWonAAA5kmkt6Mldzt9mj94iS+4hUlbZ2YaOfeUcAZxjmFHoD1RV1EKXPJ1tB4TX1rWxWj3fGOfkXS5DUSM5IkLDbKASVK5VodmBq0LuL4DDPAVthZ4lL2zyTnA9aQ6gBuWpoGlYkd9caMpCnn2GEkt+HOSteUfEFv4HNZ65LT12s+n3H7fGQl5tLYKnJToyMAqZACME7b5xzwKwVNbN324PWaP/GqEdiq3k3n7fCz/eBVaRMFofud8HdtJBW21HRxlaMA7cPFxHfmn6Cm6wpuN9lvze+mW+0NqPCl2KUqUnGygpSd+m4rf2jPwBa4ttRe7UzMZCe+7yCFqUhQAyAEkJ6HbB5fNZNlxbHoOGv2y1ESkJaW6uM4wJBKDyCMFBOM8WABWd16jf1PHudeHhWn8tSjSV5uy9PC9rrN+9xjen3CVqBVvsBTKaaUQ4+8A4jlkf7vcZ9R06Usu12RZko+8HI7mSUqVFc7wIUOaSOh9M5px7PbW3Dsz05hxmV3vjbcafU/kgEbIcAKVZ2IBycVHNNtK1TrJya9xq7kAuxXkqbUAQfEEqJKdwNkL2xy3q0dVVjbPJSr4Joasp+i0aay1ht/qlkfoktmW2VsqJxsUqSUqT13B3FbTTTra9PruBtNtDSHWj3S1B7PCnYjJJHCrlsrG5HiIyK33OLdbRZHnnJcN+Q2lXCXwUcgSCrh8wDnCRjyxvW2nrYyxI4Gq/x6rSjGpSd93CfNv2/YXGvDVBzO1fVUSWUyGLYnBz3QZUQR6KC9x60+6d7Y23pSWtQQUxWlHAkRyVJT6qSd8eoz8Keq8H1OdPQVqd1JZRbteGsGH2pDDbzDiXGnEhSFoOQoHqDWRpolIDWJr01iaBkUOdlvcq0ugsq4mScqaVyP+R9adNa6N0x2s2As3BoNzG0kNSUAB+Or+Kc9OR9DUXNboUt+FJS/FcKHE9R+h9KVUpKeepqpVHHHQ5E7T+zq99nl7MG8MlUdzJjzG0nun0+h6EdU8xt5g1DK+j06LY+0jTcizX+KhzjT4m84UhXRxtXQj/ztz4i7YuzG6dm9/MaUFSLY+SqJMA2cT+6ryUOo+YrE04uzNiaeUV9RRRUEhRRRQAUUUUAFFFFABRRRQBsYacfebZZQpx1xQQhCRkqJOAAPOu4fs+dksXs+sgvt/QhWoJLWVlQyIiD/ADaf6R2yfl8YL9k/sp4Uta31AwPO2MuJzjzeOfon5nyq8dRXUzn+6ZP8mbO39I+dMpU3UdjHrdZHS09z5fCE96ujlyfycpZT7iM/mfWm2g15XSSUVZHjp1JVZOc3dsDXhoNIbvdIVohLl3KS3Hjp24lnGT5DzPoKG7ZLQi5OyFlJpsgshttpKVyX1hphBOApZ5fLqfQVTF/7VZ10uXsWny3Cjbkvu8PHwjmok7JGPn65p1jdqFlsTlrcXOnXl2JEJc4E+B+Svme8URhIGRkDkcDrWOrqksQ5PRaHwRyaqahpRXTq/Ys2ytMztWkBGYtuQpLz54glT/EPCdvGrHMJOEjwkkEivNFJevOorhe58Z0NNju4ci4oBWkgkEtIBCUD4DO48RqhG+16/sSpM2JGgsXGTlC5KkFZSkkbIRkJQBjyJON6h9w1dfpsl9+Vepyn3h+KsPlJUMcWNumSnaudtk8s9etTRpxcILokvbv2/vQ6Ws10s0nVjs28X64y0xU5D0p5EZpJSoAgtjAUMnI9OlR5zX1ke18zcCiy28ocw5LW77Sotp2BSlIISojbI3x8K5sfksNPHhKS4M4cVucjCQd/Uk/Kta7kgngZGTkjPPAzwj6DJ+dCo+5eXiuW4Q6WV3wvhWX6WOk9T9tEI6nYVbX0uwG1oKloh8RUP2scQB3GefQDFIdV9uUW5ER2bImTBwlXDLZQfGATkAq22/Kudl3F5Sl902ocWeQ5Z2/6R+tYe0THActLOeIkdOmdv6oAq/loR/5Ga27YpbVjH7+50BP7Z7XLsSLdI0c2W0bhLcgR0IwnPh4AVAjP/fKkVk7Z37I2plFtVJjrwjupU8rA3weFXdcQ3V5nrVGranKKlOJAJznJx1BP8PlWRhTuJJWUcWdsnO+cfqf0o8uPIt6+s4uF8PNvf+C3oXa2pi9pnuWiO/3ScNJclrUttPCQU95w5Unc+FYV08qx1N2vydQHglQGWWQkBKWXiFJUCeSinON+Xptiqi9hkDm60nYH5YH8BR7C5gkymxjwkYPT/wDk0eXHgleIahTVTdley/8AwsjUGubHeNPuQDp1tuQshz2sSgFJd4cd4lIbAAVzKNgfTpX0iW0lsJByB1FJjb+Sfa0jG3uf61qVAbAyuQVfAVZJJWRnq1p1ZOc8tlq9jPaCm1LRY7somC6v8B7OQwpR5H+iT9CfLl0BmuKVFpocLeT55rq/s3ujl30RaZT5Je7nunCf2lIJST88ZrZp6l/Szm6qik96JMaxNGa8NaTOkBryivDUDUjZGkOxX0PR1lDqDlKhUzuMGzdpekpVmvkdCytOFJx4m1/suIPQg/xB2O8GpRb5r1vmNyYyuFxB+RHUH0pdSmpr3HwdjkPtP0Jc+z7VD9puieJvJXGkJHhfbzsoevmOhqIV9B+0vRts7W9CKZCUN3NkFcR5XvMPY3ST+6dgfkegrgW9WuZZbtLttzYXHmxXC060sbpUDv8A+axNWwx4ioooqACiiigAooooAKsrsF7O3O0LWzMaQ2v7nh4fnLGw4M7N581Hbzxk9Krhlpb7yGmUKW4tQSlKRkqJ5AV9BOxvRzXZn2bMMSUI+9HwJEwj9p1Q2RnqE8vkTUpXdkVnJQi5S4RJdQy2bfCatVvSlltCAjgbGAhAGAkeW35VFTWyQ8t95brpytZyTWo10qcFCNjxWr1MtVVc3x0+Arwmg1iauJSNFwltQYMiXIVwssNqdWfIJGT+lcpa41dM1LclSJrp7sE9yyDhDSfIDz8z1/Krt7cNRotOlHba2AqXdEKZSP3W9uNX54+dcyFgqWS6s79BWHVTu9qPTeDaZRg60ll8GxT44sZBHPB86879SwUIQrJHD/39a2tMtgbJBx5U6xLPcnY6nY9vmLbAGHAyrhyfXGB05npWY7lm8IZymS4UkYQRyPx/80CAojLi1EHy2GMf5J/Sp9aezvVlzhsTWbY3GgOnwyZctllvn6rz08ulPdl7FNT3hayJ9lZQlO5TL74/u8kA88ZzUXXct5M7NuLwVWmFHazxjicGSfiMZ/Mitikx2Unu+EubgbbdEj8yT8qs09h+pBemYkh1p5sqy47HcBCE8WCTxYP5Gna39irUTUM+Pe3Hm4SYa3GHlKJyspOCAkDi4MKUR5AedV3o0LRVO64vyv4KcL7SCSgDqBnoD4c/QE/OvWripClLSkHiBB26Ej+AAroK1di9sjaWflvOw1vuNFTUla+NtORtkq2A+H1qVdk+mdKG1S4tptjF1kMkd9LkRUJQXCPdBIyUgj150b1dIvLQSUZTTvtdnz/0cnrluurQd1qIKigdMqyR+Q+VYtIuEhfAzFluO7HCWVq5ZOdh5muu+z23yod64r/JtNvflAt/dzbLQdLgweLgSnCdgfPY+dNPaDdrfpXUqS5PlrkY75S1COyngUT4B+HxdAM/+ao62L2NkfB26zoKava9+n5dl9zlaRGuDDwbfiykrWAkJcZUknkMDI9PzrXKh3COlJkQpbQWo4K2Vp4j1xkb8zXS+ve1HRUiKwzDRMnvIPF3rKFtlKgMAhaiji61DLl2s2m4WlqDK0+pQbwQ8t8KcyPVSFZ+tT5mTLHSQ2puTvfOP1KXfjzWwVORnkYVwkqbUnxc8bjn6VgxEmSUnuWluBPPhGTt6V0THv8Ab9e2kQoCIcCUNsKdIC0ge44AMjP7wG3MYp0vluXpi1xJtndhyH1rSlSuBKzJQM+HI24kggE81DHUUeYi0PD9zUb5b/uSidIaSmTJbMqTb5EmIlKnuBoDxBG5C9/Dy5bEg7ZrofQkwTrY+I0J2NGj8HhKytDfFnwpJ3wOE7dPhinu02CFZOC/sqMUdz3klkL/AAnM88/MkjHUDG2RSWfqH72gOv6WQtuTFd/Gjd0kiQ1lRKSRnHukjG+/xqYVXTkpGh+H0tRSlTpRvx6nja+z+e/uOJrzNIrTcWrnDD7KVp34VoWMFKuo9efMUsJrrqSkro8pKnKEnGSs0e5rGvDRmgukBrw0E14aBqQ86WvKrPcUqUT7K54XU+nn8RUC+1t2bIudrTraytgyYyAmclAyHWv2XPinkfMH0qRGp9oa4M3K2v2W4IQ6jgKQhwZS42dikjrz5eRrPWhf1IYkfOOip5216Hc0Dr6dakoWICz38Nat+JlROBnqQcpPwqB1lJCiiigAooooAvD7KGh/9ptffe8xvNtswDxyNlvH3E/LdX9keddZaunF6WIqD+Gz7wHVX+lRrsD0uNCdkcNUlAE+Yj26Rtg8Sx4E/JPCPjmtzi1OLUtZKlKJJJ6mtWmhd7mcPxrUbYKjHrz8GJrw0GvK2HnUgNYk0E1gTQMSKx7cNJyr/AhTbYoOTYvE2mNjxPBW5Ccc1DhzjyzVQWvRDzM5CNWyHLQ2pIWlpLBefWCeiQQE9dyflV4z3rxf7oqFau5YVlTkOc4ggtqbV3bqAQDz2I5dRvWqTfrfGQqzX2JMul9i/h+2ORkqLaicBaeLkNxjbc4+NcWtX3zbirH0rwvwl0KKjWe582XRfJG9KRtF6Svj8i925h2PGQQUymvaFgkgpCuIhKV46JTnel87tXtOoX2GZVrtQgtOKDLL7DqQlJ2GeHbIAG4G3SqtuEAXK4glBYiND8NtJ3Od8qPU4Iyf4U/22yQEtozHCldeIk1jnUtydelVjTqbqcFZYXP5w+X9y7NS600W/YYkKFEtNxCcJDPF3QaAGApIIz12z61JdNO6ZtOkI149mFrbkpQFlorVhRJGxHQ4ycfOqKZ0/b3wP5Pj+qSKdoGlIaGyIyH2Co5V3TqkcR8yBsfnVFqLO9hsbOiqLva921J59rcfexYXZ1bYR1UubH1FDlucDqVpQkpWokg8WDtvgk+tMusdSRbZrS4vfeci4vtRnm0caAGIxVgBKEg7jBPGs9OXphabdcYiiuJcLolSgUlQe5jy5elLoWm1e0SJHcqXIknLz7qipbnxUck1PnJqyQ2vW8yu6ssq1le38JD5a4Fjl9kKQ+xcJMGI2XjGXlKipJ4+EKA93J94HlUPsHaC65pGdboVvdD5JZjNW7DKWU4/aeO23mAVEnlT4rR4MVUdLZ9lIOY3er7r+5nh/KvWtNutpCEBDSEjCUp2AHwodZ4shLnGampZ3S3c8f3uVqiBeW2nAbgm2JcJ4xCz3qx5KfPjPyIHpTQvSVsQ4XH++fcJ37xzmfM45/OrZk6beSCFFJNR652N1pClnhIAznNZ3KTwRKSlLdJ3ZBHLPbEggQI4/sCmuRZoD5wYjQ25pTwn8qf7qhbKMkbHkelII6gVDJFSm0KdmRK42F61hNwtDy+JrxcP7Q67Ec6n/ZLftPtH2p6W7CuKE8AjrdIjqWRjxbEDPny+lN8/DTCikjHDyqtZ76rJqP2xhDbjCj+I0oZSpJ5gitVJufyIqVfK5eHydHwtY+1zjCuVmlQ0zHCHfekRnUpyMJ6J5blIA2zT0q523SSEQ9LKZeuL7qSuK8+MqSo5Tg/kD5HO9RHTGvZrdtjGx2ESYLTOVx2kq4kDO5QoZCk7jbGR186XWTTdoixXdRzZ78KasFTZuH4YZeXyyk7kEn6Z+TE8Gvcoq7Xp7Xum+l1z/cElenKk3d5wwHIbUhCFpCv3wMKBxsOQxjYjl1rbmoTZ5GoIFvuV61CqPPtrLJcZUFglSgo8JSRjAyfLO4xTxYr4u5tw1qbZQJLSnClLuVtKBxwqSRy5EK6+Xnv02oVlCXJwvENDKMnVppbets5/cfa8NGa8zW45qQZrzNBrHNQNij00ots1y3z2ZTPvtKzjzHUUmzXhoeRiRv8AtQ6SRrLsyRfLc13sy1JMtBA8RZIHeD5ABX9muHa+jnZ5ORMtsq1SQFhIJSFb8SFbEfX9a4Q7VtLr0d2gXmyqQUtMPlTJI95pXiQR/ZI+hrBOO12KtWZEqKKKqQFTDsi00rVvaNYrOElTT0gLe9GkeNf+FJ+tQ+ulfsUWISNSXy+OIyIkdMZtRHJSzk/kn86AOl9YPhqPHhtYSn3iB5DYD/vyqJmnPUUn2m7vqByhB7tPy/1zTXXSpR2wSPGa6r52olL7fgKxJr0msCaYISAmsFHY4516TTfeLk3abZKuDyC43GbLqkA4Ksb4+dVlJRTbH0aTqzVOPLdvyQyc1NvgctcuX9x21BE2LMKeFK21jdClBQGQcnnnc5HKtOopk/7jRHXdYDVn4eCMpklx+aoAgrPp7xyBzA3xWV1Dpih7WbQlaVQPaIbjawhwFZ8LRSMEnG3kB18mHUFwhM2WbPtthXFmKjKccLhUUxGQcISnOwKjggAAY5159cn1yXpp36Lta1/nm/ft9yIwJIuD8uUFBQU8obctjgY9MAU+Qyn9o4SOf+VV/pq4PQ23PamXMvkPICQMqCicH51MoTc95KlLiNJKVeFDjqlEfFKRj/FS6lN39jnU662ruT6BcLZEjJVIUoDqeHNOsHWWn0p/DeCiOnWqfuzl0kENyEPPBG3AyAhCR65WKRIjyG1EGE644CdivP0IcNQqEWWepqLodKwr3DkoSWFoIIyMeVOkeck+6RyrnmxT7k2+BEjsoWBgNvLUn5dacYfaje27lKgR9M+2SIyuBYZdUoA/EJpfkzT9I1amFrT5LqnXgxkKWSRjp51Xmo9a3RlS/u9KcDqqorI13qS+XtNq+6GrK48CtC5SVLPAkbjBwCabJEW8uLeIlocCMlaygJSkeewH61KpuL9RWVXzF6BcrW2o5b4Sps45HC8D69KcYs+4XBKkyVBCuRHHk1FnHZ8KMxKlBQiPuBtpz3Q6epHETsNt8Y32zWT93kznFxOKclNvJCwgh1trfCjwKSMDI3xv509xssIzKebNkrl29Rgu8MhKsJ4i0U7fLyqLhpTSyDkYFbocRNyi8SkxnfJXd8OfUFJBFQafZ5P31MZalymmGuH8IOqWQSMkZzypO2Mr5HucoWsr3JbcH8R1cR/ZOarq9PMvKWHFgKPu752pwuNouPs7qnR3bXPKx4lc/n1NI9JWH74uQQ8fwGsFzHkadSjGCbuJrOU5KKQ5dm2qLhZJiYkeSphl9WErVultR5KHz+W++3K+JtrkaxmMPak/krbCUpbksuJMaQnckgE5Ss568sHnVaaqshXYkewxEFphaUpcxgq6EJx+dKuzib99NO2G4THS0txK1RXVkIfSBsEKG6VpxnHJXXlmjepO9jdQi6SSvldbZLBubN7BRB0e7b7tY47LaTGCkKOOM4CjtkgjGQeQ333Je34rmp4EKJHNvvkS3u8SW0gsnwkhojqNuIEeYrfFjwtN21xeh3odxnOBCHGnFpLixvwlPCBn4cvnSeJMgTYV2uur7QLVLcSpkyCghStgkhA58Q2x8djzxYfa6va6/DbfddR8tExM23svBaVLKRxgbcKsAkEdDvypZmo9pKE9AhfiSESWpLbcht8AguApCckHkcJFP2a7FGbnTTZ5rUUlTqyhHhGVeGvM0UwokFeZoNY0DUh40rcPu2+xXlHDald2v+qrbPy2PyquPtsabAcsOpWUbqCoLygOeMrRn/HUvzUm7YrUnWXYRcwE8clqKJbR6hxo5OPiAofOs1dcMrUj1OAqKKKzigruP7JlnFl7HvvJacOXGQ9KJPPhT+Gkf4CfnXDo519EtCxBZexaxxQOEptzKfmsAn/qNTFXaQutPZTlPsmNq1Faio8yc1gTXtYk11TxCR4TWJNBrBRoGJGKjTdep7dstcme+jvGoyC8pvbxhO5Tv58qXKNJZiglhbim+9S0O8LfDxd4E7lIGDknGOVKrfRL4N+gS/2Kd/8A6X7kVgxbutj7/Zme0aecSqULZIBcUkY2QjbHPl0HrzqH9pz2o5Wmo/32hDcae73rsVr3220jKWyMchwlROdyQKktvTadXyvvJFxuFhaS4jEZx5KW3FAkgoBwOY6dc9RSZKC7cb8bq8ZMmUw24yQeINsBzCM4AwTwn6+tcNPFz6fWjeLTSv2tx7X4fu/YoLToWi+IbJUppohbfEc8KQ4nl6YJq645EWK6rbwg52qAr02qHdGO93YmNOoQpO3BlO4/iKsiwoM6M0H1M98pIDzaVglK/wBoYG43/IilVpbkmc+nT2ycRpj2d276ZnychyckZjxyrCEDO5x+0vGTvyOKatHWmVcbxAF4hOsW1ltbT6yFjvR4zxAYB4slPLPInNWA1Y3WlENt+A8iCRSlu3hhJLzm3kpRx+dVjXsrJDf9a+WyKzLf7M/hJWUtKy24oAKUkfvDzqQ9i7CFWqTc3G0d7PlOP5xnw5wn8hTPqWZGeQ7boDyHrnKHcpSye89nQrZS1kbJwM4zzqwtFw2IsRuKwnhZZQENpzyAGAKTVm9tu4+jTTnfokQ3tsgqVGh3aKCh2I7wuFGxCFjhzn0JSflTfp9BvNogqkqLSJLaXlJAyFLHNJ5ZGc1ZOr4DMmE7GkJy08gtqHoRUFskqLZbbGtF+DjbzBUlt5thxaHkZyFZSCEnfcHr6UQm3BLqiJ01Go5cJr9TTrGKm62ti3XNgpRHJLTjSAnYjcc8EH4Uy2O3R7NEkMwGVOLfTwKW4RsnyAG2N6nQvlqCSDNS+j/0lk/pW1qXaXIypUdKCUq4eDuyhxR23CVAEjfny50x1JWKKlBPoRK1WL2OMVFRSpRKlDoKZbUlD6rtLbRs7MWlKvMIAR+qVVOZsj22I+3GZfadWghtZSCEqPmAfielM6rYza7SzEYT4W0YydyTzJPrmlbrL3Zdxu12RANW4+63yoHhCSDjnimrs5bDEaTIW2pQKgkFOSM8skemSfhTpq8g2eTk4zlO9SrszgJjxraSnBW2VqyMg9M/Tanp2hYSlerfsP0xsIskNDqEFDfAQpByCM86qrU1nKdWMN2dtQff4XUJQeEE4OceuBmrmnwwxFkxSUqaCVFBHQGq91m97HZmZkFtkgqS07KGeNgpOMZA2yOL/LcUUleTNT5Q9aQmWKOUTo7bTOo4/ibZfWGWXFAFKkpVjCVc9vPyzT2q8Ma6k/cmpo0q2TY54x3aso4j7vFnlkHAzkHipoRo20OaXbloucQXGE93brzviZUskfhqTnfoM8989KdWNZTLkxcLNdbaWwhYiGVFT3xZO2FFGDkbbKG2R0Ip9rDFK8nZNyXXi3x3+DJz2i23+au3SUztPQ42FtIcC1xCnPhG+Tuk7eXwFSBh5DzSHWlBTa0hSVDqDTG3pedpHSVzetbke4y5KsOIcT4VMZ6A7lWCdsj3tuVLLQ+0IsaMIT1ueSwlRhvA5bGSnYnmMp/OtekqOMtj6nO8QoxmvNg72xfv7v7jqDRmtYNe5ronMSM81iaM15mgYkFWN2fKTcNNz7c/u3xKQR/RWnf881XFTfsseIuM1n95oK+h/wBaVVV4k1I+g4E1BBXa79cre4MLiSXGFDyKFFJ/Sm+rL+0faxae2fUrSBht95MpPr3iErP+IqqtKxmQ2R08b7acZ4lAV9J740Iek4MQbBCWm8f1U/6V85NPNh6/W1o8lyWk/VYr6Qa3P8gjj/8AJ/A0yj9aMmvdtPP4IaTWBr01ia6R5JI8JrUo1ko1qUagbFGCzSC6RhOiLimQqMXsIDyQCUEkYO+3PFK1mmjULTUizTWpEj2ZlTSgt7Ge7GN1beXOl1cwfwbtErV6b91+4kdctmuXJVouTLjX3R78xnCQpzPCQkHYZI2BBPPFMthmRIdr1PbXGS0IwSlGDlahxFIGOWxGcjbrUqiXixzJTFztTHdWuAiQ85lgoClgABwnh3OScZPUk71HtNXSzXCTemnW1Jnybel2VkZbIA4ilOevjFcVWfU+myjPa4OL2rNuzvn+9LjHr+II86zyEFAYadDZHmVAina1WeLKDbj6ULKdsraQogeWSKjt6c/2k0rHfYWRISnjG+ylIH5EeVSLSU0SoMZ0bFxIJT5HqPrWGd1HAvalUs0PA07bVnK07dEpSkfoKVI0zagOL7tQ8R1dANPdvbTwpxjJ607L4A3nIG2N6SnJ9R7hFdCtZ8ZESaEttNtYHhQ2kAJFS7SrS0gK3xnc00zCy5cXFKCcAhJJqZ2pDLEYJHDvzNQ8uwfSmxFqJkqb/Q1C5TCkrBkJUUJOyhzT61Yd7djCChxxxI4ee9QWVeoTpdSHWyUJwU53+Y6UOLTBNOOSQWmOpyOkocQtJG3EkGlL8F5A4vwiTzHDiofbbi7CgsOtKOMZKfSpTBvaZsUKyM46Vey4I+BouSXUhXEAPhUUvEj8FXnyqX3OQjCuLn+tV5e5AU45g5AqIK7KVZWRXmsHVOmPGbOStYKk+e+1WNpp9cJTLgZK0MxktpzsnqVH9PpVX96ibqRtTikpbaUMqJ2GPP8AOrgnNx7dZgp59tLAQMrUrG3WtNX0pRMun9W6Z5OuS5kdRQMPSCEZJwlHEcADPM0hTdhEdm6XetjcgKQsx8bCQTk5JIA3A546daXQtKC82RF4nPyFwmm+/ZisjBcA5Z65I6DHPnWy5ahbvdnEuzWkPXiEoJKCniLTQIGxxkg4xgYOx8qfSi4K7NDiqiwr9H0s+gm7HtPJm2qUL7hxmYzwd04pSVocBKFnHQ5289vWvbXBtFhuV+Rb5k5u5WpaVBXBnibB8SSCBxDz9CCMHk36agXi+3j20SPutMVxDy0PfzPGQCtKTsRxpUTk/s1IO23T0exSbTqq1vDJcaQ80lWA8lIJWo4O/EnY9N6vbGB0p2tvnfcspe1sfgbNI2IaofRcpF3kNusni9hWMcJ4uLAIPuHfGwNOJ1AbrrNqPerW7ClMIdbZfCiCAcEhwciMp94ZHKlOtrBYkWKXEtk5tF1KEzIw7zByEkqGRnHgSc/XnTDpjtJtLNgatkyHOcdSlSJLqwlxSFKJzkk5UM59OVC9LQVV5re2La6YtZPqu5L0q2rMGmnTrKY+nbXwzPakuMZSsp4Tt0IPlkCnEKrrwmpxUkcCdPZJx7G7NGa1g1lmrFooyzUn7OHSjVDaf+Y0tP5Z/hUWzT9oRfDqy346qWP8CqrP6WWmvSyhftjRQz2rtvgY7+A0T8QVD+Aqiq6J+2s3w68sq/34H6OKrnasJzxz0woI1JalHkmW0f8AGK+jmuP+Bjf+of0r5rwXC1NjuJ5ocSofI5r6TatWJFiiSE7pUpKs/FJplH60ZNcr6eZDSawJr01go10jyyRio1pWa2KNaFmqjYo1OGkM1hqXHdjSGy4y8ktrQDgqB2Iz0pW4aSqcKFhSeaSCKrJXVjTSbhJSXKMrpeLC1Zo+j3osqIiQUIcbZRhKOJQJSTnOdx8tzWtEfS67nfn20R2ZENoMPyHfcRlIAIycHkkf2ab494hQlvz9ZsRVSDJLcWS1H48I4dsjfcZP5V5B07YDo95Tl2C0XSQO7fyEZWDsnB2O6VEn49K4runZn06l5U6anFySdsrKbbz+EuH/AARSVEtGm12UJuTLkW596FL24VOcWQdthgK4D64rCwKNtlSIil5DLygMHoTxD9a39pugXPu6BBhPd+1HZdUFvKCfGt1GNsYAxneq20jKNrucqG8vhLR4XEfukHB/SlVKV8mWrVW7dF3y8/c6Gt9wSlgKJGMb5ppf1Q3IlLQw4hLDZ4VLJ2z5D1qJT7qpOlLhIjrJW0hSU8P73IfnVQxJk1yQju3FhKOq1YGeW5+dZ6dDcmFbVuLSSLe1lcm2Q4sXEx23OfAPEDjoaw0t2l+wIMG9OKU2kYamcOyh5LA5H15VA37RNkss8ctlZXusBRUE/T86zj6SccWpp2aplkHHGhJKlfDy3pypU7WbE+bWlK8UTfU/aBGukf2WBIUCoErdGU4HknONz59N6rpF4YiyVJjQ2WwVgcSMgqO5IV+98TUwl6QsT8aKovyw6ynCXUcKSTuTnIO29IJtgtwU2hKSrOduPiXgj0GRvk/OpioRVgnTrzdxe3rh5uNwFtPCfCc80/50iia2EJ9DrPF3ZVwuoSfd350nnWzjcIRZFFwpCVLW4U55cxzzTS9peQJTTasjiGSQDjGd/j/pQo03ixSUq0He5bb9yMu3JeaBUlaQofCoLqCaGWnM441ZOx8zUifeatuk4TPGS6hsNq9VelVzdJHE2slYxjI8xvt+VKowuxlepiw2WmEu6Sno8ZA7yQVpQknbKhgb+Waneg7Pbo1yTHvzpmuBQat6JJK0KWMgqAJ4QOLYH0NRLTKJbbjjkAKEziSGzw54Tnc4+Gauu2QY11tzd0sMJuVqFtCG2Wkuj+Tt5ylShyzg5wfMjoa1XzgZpaMXFb+H17fPsKYVve0XJjXTU0915L5WlMaNxFtIBBA32xjKiNuWd8Vt1fdUWu4x7tprT/fsyW1lyYEFKVlXCVZATkbgb55554qV2CIHkqs2tJ0eXcnEkoZAyG0ABRPH+8c+nLYYqL3HV0eFHu+n7DBcZBae9mcUMZXsMcJ8/Ec/lk0cHShHzJXcdzXPSLi+vTj7jG5Fu7uuzEdbcRbNQRyzh4lXs+3ER04VDc/PrippYtJyrxam4OpFI+8bU6Qyo8LvGypJHun3c78+qQemKrK5ztTMTWrk462sQV9zFSgJdUpQBSTsMnODmp1cn9UX5EK/2GSGYLkfvSltQPdKbyeA8Jyok52IOMkY8zrci03T2xlGK4v2f/awKWdH6cgapbivXFviCi4mJ4EAlRylAT5Yzy5jOedRx7Sdn07GvK48xoT7c4XkrUkL/BIyltxGfEnpv13GKUt29mZ2gRrkLqpxCYwcV3R8JcQOFWSSSnHEDg77+la4GinLjEuTn3my/IuC3uBTZPdZyFAnBJI3V8jQvZFKk96SqVXhK+OtxFGbk6ku0a9W/u4jcWPwuQwkhLu3iU2rkoHCRyBHCM0+pVTYrRLydMx2Y95dYXHS6h0oUTxNnOBw7YPnStCsACtukvZpnN1ijuW13tj8CsKrIGk6VVmFVrM6RuzT9oXfVlu/rqP+BVR0GpP2co7zVkU/uIWr/CR/Gon9LLTxBlNfbYVnXFiT5QD/APsNc51f32zZAc7S4LOd2reg/VazVA1hOYepOFAjnX0atcn727KLPNSc8cKO7n+ynP8AGvnJXe32dLkm/dhNsazxOxW3oTg8ilR4R/dKKtB2kmKrw305R7pmRNYKNemtazXTPJxRgo1oWa2LNaHDUDoo0umkjqq3uqpG6qqs0RQkdbU/NhtuIS/ALv8AKY6xkOIwcHHmCAfrzoZt9r1TfrYmw3CMi129sKVFCVBaTxHJAV15DfYZ61i6sg5SSkjcEcxSNtFsg2woacah6qmslAc41Npe4lkFQI8O/wAvXlXO1cLS3dz2P+P6qWx0U2pLi3GeW17dzfebLcm73PvrM72qOlaW0JCirjHeNk4B2wEg8tsg1Sl+VHRq+8y47bjYbkZUk5TsTuT68zV3y9J3yJpi0WmDPYaU473swoWUnpskgbpAHpyHnVQ6ptjDd5ujFzQ5GkLSVh3Gy0p24gM88p3HrWfodPUpTeJJ9FbssDhY5hbRJiuNhyJOb2T04sYPw6U82PTEUWySlSFOvIwN+ROxqBx0SYyER3UrQoBLzOf2kncEfSrO0bMdmNOIUrhcQrK0A+9kY+XKs1VOKujJRs5bZdBFB09Fit/hxwW87YyMfSpXatOWR9ATJceA5kd4oH5b023NyRFbUuIkqxzRtk4+NMq75co4QHI/AtY4h4NhjzqkJNm+NaFJWaLBjWHTEZ1TjcZx4c0h1xS9/gTWi6mIO8ZtMRltCjupKAD8fSq6b1dc1vKbhoOQcnCMEjFOUUXu4ONlxakIX4uH3StPXcculMk2lkhaqLdoJjmiH3yuEK41gYJT0+HrSrVns0PTq20IHf8Ahzwp5AnGT6UrtEUx2lBa0KWAAQnp8abNdSEs20thSS46e6UFDmknBH5msye6SK1H6GyubpJkTHFpLhU20oHYjCR/5qKznQ6CNwE+E79M1I33URbctO5cWFAk7ZPKoq0lUqcyy2N1qAOeVboLFzlyy0iXabSuIzDAjl5chfclAOMBeEb/AN786u6M07ouc9C0vGiTbi8nvpb0t/gxkkhIA8t8DG3PO9VBIS5FdgNoBSh09ytYzlHEpOFDG+cpGMb1Zzlt05cpMC8rukqPNmoB4UjxIUs8GM8PIK4gcnIqsHdXOxRgmtjeLcWbvbvYd7jHZ1Mtu+PSo8S4RkhM1tBB7sJ3CTnmcbb4yDtXvarJhSdMrmaZ9icfce9lfkMjdAKfP0IRk9KrCZYrrAESEzC9rihCnZikOYU5vgpKs4OCAR0BxVk9nDml0CbaGZTk1ucyHT35yhTfCCRnlnnt/R9KvnjuPk1CKk5OShwlxbrf+CvvZGLDfY7qrwJDFpCXBF48KKkAlQ4eR5Zz64qfv65UzONltVkU5b3XClACccTbmMKTjAwSSd+nXyh9ntNme1CZMyYUtO3FbbcV4YcSTxJHHnfByj4GrEjTrW5p6RYoM5C7vCjqZYeW13iz3ZITvjBII5VEfYvXjCMtsouVueiXvjt/JVty08m03V/TMKaj2udh5DisJShGT4Sc53GOWc+XWpP/ALLXYS4cCLM7q2w4Z7xxpQSeJeQpfD5nf5CmKGW3JceRfvDqaG2vh9oVwLUQVJRnz2x+tLredT2exTZHA6/PusjhUlWVltO42B8Kc529APKosuxZVKrxvV0+vV8XXskL06Yb0oJCbjcUvS3UoQ2y2cd+Sc8XPOEnJxj45oQuml9Umdc2rhc3Q9MRGQxnnyySSeRPixtttSxDldHTRcY5Rx9bXlXquUpbn+n2F6V1sSqkSV1tSutAhCsKqcdk7XHfZLpGzbBH1I/yqABVWj2QshMK5S1bJK0t5PoMn/qFUqO0WRWdqbOTPtUz0zu2m8IQriTFbYj59Q2lR/NRqo6kPaFdTfNdaguZVxCVOedT/VKzwj6YqPVkOaFdYfYjvYMLUdiWr3XETG0/EcCv+lFcn1an2adTjTPa1aVPL4YlwzBe8hx+4f74T8s0AdWXmOYlzlMEY4VnHwO4/I03KNSvX0Xu5jEpI8LqeEn1H+n6VEVmulCW6KZ5ivS8urKJgs0ncNbFmkziqkmKNLppG8qt7qqRvKqrHxQmeVzpF3dsckKdv7ZfgMNKWE7nuzkEqAB8udKHlc6b5XEptSUrKFEEBQ5ilVYb4tG/R1paeqqidvjt1HyxQZd4ul0v0a7sCMGCzCPeHCSAQC4CNgNzuP2s+VRbVemn4On3ZN+luyZHGpRUFFRU24pIwM48QVwnl+1Sm8yIMtEax28ItKpTiFuvIb/CeVjGDw7pIUBsR054p0vFgVMvsaFbrpHmCDC7lFvWoFROMeLfYklJzzGAfjy1jFj3EpeZBS3WTysdFxldyqL2p+XcHYyWEp+6mw1xg4UQnAOfiRnFLdI6hbiXZTjilFDg8RA/786mnaxBi3K0x4cEIbvQbQ7PQ2nAC8b8RO5ORvzPI1TsmFJtrbEgpPjTwuDOQlWdyfjsaq4qS2s5+ovCXmRVv7z9y6XtRW9cRD6yApQBAHXJ2/SmCTfzLWjgSlY4+BtI2OepPpz+lVe1dVpYDR4u7yBucbY6+n+Zp1tVyQxJbQVpU2FhJUdtjsefPkKotMo5EPVyngsNAbt4kojpDjjK+MHIHEpWAR8AByrRO1G/CcXFj7OsghQxjCev0I/jUfl6jaC5sHBcaW6X2143JKRjfpjOPlTDeLwmU2woqBdS0UFe3Eo4GM9d8Grqnfko61uCeWfVLjsSUZDpLjYSSRzWCSOIj5GmC8ap9sR3SiEkZTvk8uufKoaLopEdaELAU4kJUcdByx9T50hW74hxc+ZJBFSqMU7kPUSasO9wuSHm/CsqAA5nyOaeNC2kvvmS8CMbpSfyNNWn7I7dHwpaMNDcZ5H0q17NbGo0ZHdJxsB8cUqtUUVtQ/TU3KW9iW4Rnl2S4iCwZEtlTDzbYTxkhJVxEJ5nAOdt+VLW3g3c7Jerk2/BtcjhdUsJKkIdOCoYzyVsQcDcHnmlUBkvypiULW26lCFtrQcEEE7j8qkMyBfNS6OYZgKZa77ibkpUQlK+FSkq5g7HCVbY5mrU43po3aats1G29vfjDWTfq+Pp+E5EvFsmPIj3BwttvQlJcbZWcknuj7yVYJIHUZG53iEdmJoXUjDtzYuDsVDhdZdLBSEBZyvB5KbVzAOCk885zUi025DsOiZdv1Clu4w2VKPeMAlbTmeINqOSAc8lDA3+skt+o1a00tMt1lhpjy2I6e44lJwsgYOEqzgdOZ51f5N0YbY3SbjF2cm7YfHv8/kjetYrOsZFjnWRwMNSG1tofCeACRxBaAtQzk+FXLODnzp4uemLVZ7Z/tQ5Dckzo4Q/IaRkoKwEgqI54BHFk5wcnFJxOu//AMNXBFta+/CS0jumylTKwQM8B3JB3GM8jnluh0jbWtPYu93uixbZQKXYTiSVJdTsW15yVcOD5cqi13fuR6ow2p2UW1ZZcu6uvYi97atus7m3en5ZgKcaS0kKWkKbWk+IEnnnO3LnXk6XLk3VT6rgp2G2ktxm2nCUlOMFSvMn9K29p9ttrdwjiPHYbsqgFNuJWO7W8riUQDnngcvIUzsFKEJS2AlAGAByArRRpbnukc7U6lRWynx2fRdvnuOrblb0OetNjblKEOVuuYEOSHK3IXTchyt6HKm41C9K6tK5TU6P7DrnclngcRBceyerjmyB9VJFVlYYbl1u8OC1nifdCD6DqfkMmlv2yb+m2aFtWnYyuAznwtaR/wApobD4cRT/AHaTWeLCNVLCiccqUVKKicknJNY0UUgxBW2M+5GktPsqKXWlBaVDoQcg1qooA+i+nLwxr7sstt4jELdejpcUBzQ8nZafqFCogs1Xf2MdaJbkXHSE13He5mQwo81AYcSPXGFfI1bGr7f923h1CE4Zd/Eb+B5j5GtWnn/xOZ4hRvaohjcVSZxVZuKpK6qtBgijU6qkbqq2uqpE8uqsfFGl5VIXlVveXzpE6qqsfFHjEp6E+t6Kvu3FgBWUhQUByyDsaVaGS1Evsh+OEJusniLTz6yWm1YJ3TnO5x1PLamp1VJ0vrYeQ60cONqCkn1G9InSjLNsnQ0+srUE4xlh8omOi4jczUV9mOTYkh4lTcpbTSghoKJACOLPEVKB22xjnjIqG6kta0XCdHU2nu0K8COHm2eXx671aEZDbEaGlqOwwqcVzn+4zwuFSilJOd/dHLpkio/rRsffzCsf7yOM+uFEf5Vz6sNtO5256jz6+OLWX2KDuljdiqWttK1tk7Y3wPI00JCuIEH3N8AYq7LjbGlg5T4TzAOKY3dJwZa8BZZ4uZSKXDUq3qE1NI7+kgDbUhYSoHlhXF5dOtJ3oxCeNed9xxHJqzWezuOClIkOlHMk4x6etKmtCQWie/JdxsDyA3zyq3+xHoVWll1KmajOPuEMtqW4ByA8qlen9GvPKQ/MICCM8PPNWBGsUZk5bRwE8wE4Hwp4jRAlQShO/LnSp6hvg0U9KlliK0WttiOlKUFAA8IHOntLGEkdTS+JFCWwCBk9a3pY8QAG/LA51kk7m2MVEibwfg3eI5GZW+4tXddy37zvF+yPU7Y9auZ21Kt9mZjxCA40k52yFEklQI9ckUn0xpVEN9Fyno/laQe5bP8ANZGCT/S5/D48pJJA7lajySOI/KunpoSUPUcrU1oureHQqzSOm7a8Li9cHY78eZ4WOJz3mzlO3kehHMEH0y1WzVb2jdaSrJBguPWRHCC0341tDhGFpUTko8wc435VGb9Zbxadbfe8JqS9Ze+Dz7UdWVx1n3lISdtyMnG+STVj3a7WC/Qo2o9OhmZd4yu4Da3u5UN8ELB9eWRsT8atKLj7HYjXWol6vW5KzXCT6P4fcf8ARj90u33lKuTrHsTqylhtpHDkjHjB8iMb5OedVzGsD0nWV8ss5UiTaJr6uINBRLb+CpLmw8I2IJO3Q7VZFpjXSJcWmoTCW2F7vsOnwsk5ypBA33/Z68xipTZrRHtTLgZTxPOrK3XVjxOKO5JP6DkKHHgyLWqnKcoqzdrJdLdSuZHZNCn6ejWW6TH/ALvYke0hLWO8KsHIychIyVbDz5inq2aG03aGER4NpaIRyVIUp5X1WTUzkEqOByG5pIhlS1nAJNWWODnVakqsnObyyP3PR9jmslDtuabcI2cYHdqHzH8arvU2gbhake0W8OTonUJT+Ij1IHMeo+lXJMmRbayXZagAgEnJAAqn9U9tSnnRG0o0y8olSQ6rfJH7qeo9c1dVXAKUJyfpIYFlKiFAgjYg9K3ocpTPVe79CRcJLMdyYB3rpyGiprHTPMg8PPbB58st7SHlSEsBpZfUoIDePEVHYD40+nVU/k1uEofUi2uxG1KkXGXdXE/hR09y2o9Vq54+Ax/ermb7S+rjqztSuHcrCoNtHsMfHI8JPGr5rKvkBXVOt7y32T9jL7ySg3ENd0yP3pLnX1Cdz8E1wG64t11bjiipayVKUTkknrS5y3O5zas98mzCiiiqiwooooAdtKX2XpnUdvvNvVwyYbyXUb4BxzB9CMj519BVzIXaBoKDfLN+IHWg+0P2gf2mz6ggj4ivnJXR32Ru0j7nvK9IXV0CDcF8cNaj/un+qfgr9QPOpi3F3RWcFOLiyxnVUjdXUy7RbGbbO9tjp/kkhWTj9hfUfA8/rUGdXW5SUldHHdNwltZqdXSJ5dbXV0idXzoYyKNbq6ROqra6ukbiqqx0Ua3FUlWqpLadI3q7hK2IimmVcnHvAD8BzPxxipra+yRoqQLnOdcWebbACQPiTk/pS3NIfGm2GiYpvenImCluRCV3aSTkONqwr5HOfzpt7TWzGm2pbjRZSlLjQK9gdwRv9am1jgRLK85Gt6OCMVlCdyeLhwCSTzyc1J2iFtlKgFJPMEZFY5R3xcToRqbJqXYoJwB1obZHPIptKAleMkK6V0YLFbphVxwYZVjOVMp/yplumiLVdoz0VMZmC8MFL7LSQpJB/MHBB+NZHpJLhmxa6D5RU0OU6WUpKQUjritxCnNzkZqx4XZnFYThy6Sln+g0hP65pyY0DaGh43pr3nl1I/6UiqLS1Ow162l3KqCMfs4PnTpbYqlLSlKSpxXJIGSflVpR9L2WOcogoUfNxSl/qcU7RmWoyOGO020nyQkJ/SrrRyfLFy8QivpRArfpi4vgFbQjIP7Txwcf1edSq1WCHbVJdAL0kfzqxyP9EdP1p3JOa8rTT08IZ6mSrq6lTDwjW5ypDcto3B1VufhTmG8grV7o6edM14cPnz5/5U9GdcjJphj/AOYnmHEhxiShXMZGRv8A6Vsu3Z9Fj3YXWySlWy4OEJcLSQQ6nOcKSdlD4/UU96Tjp9pdmL2Q2kgH1PP8v1p1WtT7pdUNseEeQqJMfvkpXizFhASMZJPqd6zWStRQkZJ51vbQo7DAHLJFZngZGBsfzpTIuYtRgAe8+lNWobzFtEFxxxQQlI5JGST6AczSDU+qEW4JYjtrlT3Qe5itEcbhHx2A9TtVbXf74usOTNkPwoL7ZAU5JJ4WNvE2lWFNk9M889KpKSRs0uilXknLCG3U7knVc25RZstiJDhONpejqacW4eIjgV4VAEE4GDkDrTHC0kiNNkMW2KYSGSh96VJaCS1wrCsuHjPhICttufI1L2La61cYUtKlS5c9LKZFsuDaC84hB4uMFHCEgAkgrAO3wFKIsVAF4iuXXvbABxh5a05gP8QUPHnCiD+6TyHzVdnoI0YQjaPt/CfTOeOj6O+BBDirhWZS1PySpwBtmetpxKpLmSSkM4KlJI4vENwBnepP2f6OU/qKNeZcR+MxFbJS3IUVKW8dhgFKcJSASNgTxDYYpvhx3rwzbWzdJab6VK9llxkYW8wSPG6jbCBjmrGcbZzguvbrrtns17PltwXkJvc5JYiBIAVxkeN7A22znyyRTKSu7nN8TreTDYvqd/x7YX/TvhHPP2sNfHU2tBYYLoNrsxKFcJ2ckH3z8tkj4K86oms3XFuuKccUpa1EqUpRyST1NYVoPPBRRRQAUUUUAFZsuLZdQ60tSHEEKSpJwUkciD51hRQB3h2G9oELtT0K5bLytKr3EQGpaDspwY8LyfiefkR5EVGtT2qRY7m7ElA7HKF9Fp6EVypoTVlz0VqWJerM7wSGDhSFe66g+8hQ6gj/AD6V35o2/wBg7T9MQr1CSy64gYU2sAuRnMDiQf8AvcYNMhUcBNWiqnyU5Gtk+erEOI876pTt9TtT5E7PbpIQFSXmWAf2RlZ/Lb86uVEQMjg4EjHpWXAPKrOq3wRHTxXJVETstCnAqZcF931ShASo/PJ/SpTZ9EWS1uBxmIHHRuHHMrV8irl8gKmHDRwiqOTfI1QjHhCRptDCfCgcXrvSO8ylx4Ky2rhcc8CT5E9R8BvTuGx5VGNUuldxZYT7jSOI/FX+g/Oql0J2Yqno4DQ3bAUjHwNLYTuRg7GlWnkHu1E+VbJMElxS4/CF8yg7A/5UEGTeCpPEpSRncg4pW0lCXXS0riScDP8A38aa0ubFK2nEqGyk8OcfSnCCB7MCkEJJJGRigDZKKu4UEDKsjYdRncVrQsLeSptBQkJIVkYJ9K2SASyoJyTkcuozuKxBCnEqQgoSAQcjBNSQbKAa1KeaGR3iCR0ByfyrEPA+4haifIY/WpA31tbRndWwrFiPIc3UlLY9Tk0pMdKAOIlazyKunwFQBoe8Rwn3RTLOirkOYCTjOAPOpCsJSAOp5CvVoTFjOyHAMtoUv4YGai5aPOBpC22YqYUY8QQrhdUOq+o+VODDXHudkj9aZ7HFcVHioV7wQHHSefErxH55Jp9OAAhOyRtS73yaKkVF7UelePCjHxqNax1FGsNuU/IUrdQTlKeLhyQOI+gzTle7m1bIDj7nESkbJQMqUegA6k1Ugk3G4SZkl51C0yElMl18hUKMgZwgdFqGTnHM/lSTsbNBpPPlul9K/UU3L2BE6DBl3WZ7PeB3hnsqwuSSdmiceBG42T869HdyLjc47MBZuNlbzChLyYy0jJ4kp5lR2yTnpWpuNJENmM+wuNZ2sCJHkLAkS1jkGyThsZ326Dy5LH/vBE6AzcFRIl9eBRGDjighhs465y+5kJ2zgZ570rg9FtsrJ9+v62XtiXZYTvgTW1uNI06q7Q4lwkKlP8FyHGfattyOLmEcvCkAYPxpfPRETLtrrcOJNsvAlTTJdDaoxJ3WUHZZ3G5ydsDc7pn2luC7x5i3oc1CFOlycyEtScbBTrqeaCceEYTjbCt6mWh7KU29i731hMaY0VuKUl5XdujGzigrfZOcA4wOg5URTlgz6qvGhF1W+rsrvqsduOLrphiuCI2jNP3S+X64KUxgyXHXmkIW2jojwjKjyAz6DauD+1nXcztB1jKvEoFqP/u4rBOe5aHIfHqT5mp/9pTtdOtrr9x2F5Y07CXkrBwJTo24v6o3x9fLFG1qSsrI8pVqyqzc5csKKKKkWFFFFABRRRQAUUUUAFTjsl7Rbp2dakbnwFF2E4QmZEJ8LyP4KG+D/DIqD0UAfTPR+prRrbT0e8WKSl6O6MHoptXVCh0I/wBeVOakcJIIwa+d/ZX2jXjs6v6J1rcLkRwgSoa1fhvp/godCP0yK7w7PNdWPtCsSLjZJAKwAHo6yA6wr91Q/Q8jQA/cIo4a2LQUHBFYipA8CaiN1Shd2e70kZOxx5DFTFPOmS5RELXxlRT4iTtnNSgN1m4Q0rhBGBvmtzyDxcSeYrTbEBptSEDbHPzpbjNQAieaS8OMeB5I5+fpQyXktcPBgkk5pdHbC3k5HI5pZ7Mjizv8KAGcMrWRxqV8KUNQEqIJQD6qGackhIIxjAHL1raBU3IsIzEQG8ZI9BtRHaQ0kJSApfU0odxtvWKnG2Wyt1aW0DmpRwBUEmQGBxLPL8qb1y+9dIaBUela1zTcGmwxxJZXlZPIqRnA+Gefw+NLojCWxsBRawGUZgo8bnicPXypDqcrXbPZWclyW4hjb90nxn+6FU7UmkqHGNgSn8qqy9OW2Sl2NDaEso4U8zuTWDqw02VEgVkDnnyqMaufcmIFqiOqbfkpILiQMtoHM7+ew+fpVGNhHfKxDdTz3Lnfrc5b7m136HCWLcPEZCTsVkDkNiATtjPnRCfj267T5MeYZFjf4234pTlAeIwUNKGe8VnJISOpyelNlvbRHg3FmcxGttzaIbclqPex5XmlShvuBjgHLI2pxnSHXH7Z7HKbtt3htFUhiMgKjIZzkl3P+7GBy97flSHJ8nqqVBQj5a4ta/63wnjs+U+exoRBXHsku2ymZUy0FQdCZu3sgGSOJaDzGM8AGfMjNbHFH7hizFrM61sFMdhxhtE1xoDOXHCOZ2GEjwgnKuLlWyL30m6O3GwW6c25NCm1MhRSzI83VIWDwI5Y24lE7DnU505p2LpuC5Oub0WPwguvqQkMsp9SM4AAGPzOTyIx3OyF6rVxordUeb3t79cZs/fr1V7ifTWlY3GiZNDcmCAiTH74KCy5j33EnbiACceXIBON+e/tJ9t/3uZGldISVC3gludMbOPaOhbQf3PM9eXLmi7f+3t3UiZGntHOrZs+Sh+aklK5Q/dT5I/M+g587VpjFRWDzFfUTry3TYUUUVYQFFFFABRRRQAUUUUAFFFFABRRRQAU96P1TeNIXpm62CYuLLbPTdKx1SpPJQPkaZKKAO7ux3t1seumWrfdy3a7/snuXFYbfPm2o9f6J38s1brjJG6NxXy1SopUCkkEbgir67KPtG3vTXcW/VSXLzaU4QHSr+UMp9FH3wPI7+tAHZQVg71onICm8j1/SmzRus9N66gGVp64sySkAuNg8LrWf3kHcfpUgVHPBwnxDGKm4DdBQSV7HGOfzrdyVg0t4QlvhSAK0ra4vQ0AZxkYcz5ClVaYoISeLnyrdUAGBnON6KKDsKANahxKqPXyBKuF6hpcCTamB3rgUQUrIzsR15DntTxOlBhBTnxkZ8tvj9fofKsY7KeFKcbrwpQPl0q8XtyQ8hBYKsuuDBWckfoPkMCl425UAYFFUJMXFBCCTTepRWret8xzcJHTc0nQQck4NVZeK6muW8iPHUpSgkAHJPQVUt+mSHp6Fz+9jWmcrhMhhRCwAQEoUegOSTjfmPjMtZ3A/hwm+IqeyXMDJS2nnt6kgfM+VMtrRddSRg5EabNjUhSW2UqB9pVyPfKx4E5yCkZOx+FKnnCOx4dDy/8A3Ttb3x+PfsJLbb2bfflw5MT2chHBbZyEgtNeHPhBBAWTnJOSfpW6wWe8Xa1v272ZNnuEV5K/akJ42ZQ4sqKxkhZOCd9wT0qV2ixR9PQ37pqa5sqWhslxZV3EWMjqEJzhI/pHc1T3ah9pW2Wlldt0Aw3Nkp8HtjiOFhsf0E81H6D41MafcvqfFVFuNO0njObXXVJ9H1TVupb2q9Saa7PLabvqOWwiYpoN8SUjvpBT+yhA9fkOprjbtj7Z732iSDFQVW+woVluE2rdfkpwj3j6ch+dQDU2obtqe7O3K/Tn5sxzm46rOB0AHIAeQ2pppqVjhym5u8goooqSoUUUUAFFFFABRRRQAUUUUAFFFFABRRRQAUUUUAFFFFAC203SdZ57U21S34cts5Q6ysoUPmKv3s9+09e7V3cXWERF3ijA9paw2+n4/sq/I+tc60UAfRPRHa/orWXA3brwyzNUP+FlnuXPgOLZX9kmp8nBAKFAg8q+V4JHKpjpftN1lpcpFm1BOZaTyaWvvW/7q8igD6QpGK9rjvTv2q7/ABkobv1lgTgNi7HUplR9SPEM/DFWLZPtSaPl8KbpAutvUeag2l1A+YOfyoAv+vFHCSdth15VXNs7b+zq4pSWdUQ2iekhC2SP76RT+xr7SEtP4OpbM6D5TGz/ABoAeIzBUTJfJBJzgnbH8P8Av1pWyCcrIwVUznVenFp/+uWwp5/8Wj/Otb2tdLsDLuobSgestv8AzqbgSGsXFcCCryqEXDta0DABMjVdq25ht7vT9E5qHXr7SnZ/AChDkz7kscvZoqkg/NzhqALW7p11Xuq35mlHsqlIwVBI+tcw377WOyk2HTe/Rcx//wBqR/Gqp1X29a+1EVoN3+7Yyv5i3oDQ/vbr/wAVRYtuO0NRT9JaVUu6ajuUOKvgCQZTwyQMnCEcyd+gJqmNc/ajtUJlyNoq2LmvAcKJMsFtlPqEDxK+HhrkqbMkzpCn5sh2Q8rm46sqUfmaT1IOTlyyV637QdTa2kd5qG6vSGwriTHSeBpHwQNvnzqKUUUFQooooAKKKKACiiigAooooAKKKKACiiigAooooAKKKKACiiigAooooAKKKKACiiigAooooAK9yfOiigAoyfOiigAryiigAooooAKKKKACiiigAooooAKKKKACiiigAooooAKKKKAP/9k=
35	mohamad	salh-zd@hotmail.com	$2b$12$9YrKId9sW4jll1OjIqBLJO0GxtBagJdjNElQh3nVYULq7wDbclFgC	محمد	سعد	DEPARTMENT_HEAD	الجراحة رجال	534252544	رئيس قسم الجراحة رجال	t	\N	2025-09-15 08:22:33.780138+03	\N
36	anjo	gino-sa@live.com	$2b$12$oETAXOkewO7/npeGVI/HHO3pow1pLVvc3Qbccd5cvBAr85la7ycAS	آنجو	بيرلا	DEPARTMENT_HEAD	العناية المركزة	534252544	رئيس قسم العناية المركزة	t	\N	2025-09-15 08:23:40.815252+03	\N
37	manal	ginosa14@gmail.com	$2b$12$8zsXm8UeI1p7Z1yYejOfWOjzHJgGwJW8in2XtT9ITaKAz2/RjnroC	منال	المنال	DEPARTMENT_HEAD	الباطنية نساء	534252544	رئيس قسم الباطنية نساء	t	\N	2025-09-15 08:24:56.910866+03	\N
52	admin_local	admin20359@example.com	$2b$12$Ma6PyhFZnkoXor.jtt1ZpO1PRs/5uyGNIYsekW6C8rGYTD8OeB74.	Admin	Local	SUPER_ADMIN				t	\N	2025-09-29 21:53:54.62866+03	\N
41	quality_manager	quality@salamaty.com	$2b$12$Hz1foosXlqdHaFWTWOSslehx8qJk4I1WUxOP5DiigP4SSZjsdBOeC	فاطمة	الأحمد	QUALITY_MANAGER	\N	0501234568	مديرة الجودة	t	\N	2025-09-17 18:58:31.559042+03	\N
42	ed_head	ed@salamaty.com	$2b$12$WP1SeMWGnuQDAUTg1G1qj.gy/9xT9GlTluWVDGKANLI0CazFKuZ0W	أحمد	المحمد	DEPARTMENT_HEAD	\N	0501234569	رئيس قسم الطوارئ	t	\N	2025-09-17 18:58:31.777208+03	\N
24	testuser	test@example.com	testpass	Test	User	SUPER_ADMIN			الب	t	\N	2025-09-11 06:30:59.885353+03	data:image/jpeg;base64,/9j/4AAQSkZJRgABAQAAAQABAAD/4gHYSUNDX1BST0ZJTEUAAQEAAAHIAAAAAAQwAABtbnRyUkdCIFhZWiAH4AABAAEAAAAAAABhY3NwAAAAAAAAAAAAAAAAAAAAAAAAAAAAAAAAAAAAAQAA9tYAAQAAAADTLQAAAAAAAAAAAAAAAAAAAAAAAAAAAAAAAAAAAAAAAAAAAAAAAAAAAAAAAAAAAAAAAAAAAAlkZXNjAAAA8AAAACRyWFlaAAABFAAAABRnWFlaAAABKAAAABRiWFlaAAABPAAAABR3dHB0AAABUAAAABRyVFJDAAABZAAAAChnVFJDAAABZAAAAChiVFJDAAABZAAAAChjcHJ0AAABjAAAADxtbHVjAAAAAAAAAAEAAAAMZW5VUwAAAAgAAAAcAHMAUgBHAEJYWVogAAAAAAAAb6IAADj1AAADkFhZWiAAAAAAAABimQAAt4UAABjaWFlaIAAAAAAAACSgAAAPhAAAts9YWVogAAAAAAAA9tYAAQAAAADTLXBhcmEAAAAAAAQAAAACZmYAAPKnAAANWQAAE9AAAApbAAAAAAAAAABtbHVjAAAAAAAAAAEAAAAMZW5VUwAAACAAAAAcAEcAbwBvAGcAbABlACAASQBuAGMALgAgADIAMAAxADb/2wBDAAYEBQYFBAYGBQYHBwYIChAKCgkJChQODwwQFxQYGBcUFhYaHSUfGhsjHBYWICwgIyYnKSopGR8tMC0oMCUoKSj/2wBDAQcHBwoIChMKChMoGhYaKCgoKCgoKCgoKCgoKCgoKCgoKCgoKCgoKCgoKCgoKCgoKCgoKCgoKCgoKCgoKCgoKCj/wAARCAEsAQgDASIAAhEBAxEB/8QAHAABAAIDAQEBAAAAAAAAAAAAAAUGAwQHAQII/8QASRAAAQQBAgMFBAYHAwoHAQAAAQACAwQFBhESITEHE0FRYRQicYEIFTKRocEWIyRCUrHRM0NiFyVWY3KCksLS8Bg4U2WUsuHx/8QAGAEBAQEBAQAAAAAAAAAAAAAAAAECAwT/xAAlEQEBAAICAgICAwADAAAAAAAAAQIREiEDMUFRImETMnFCUpH/2gAMAwEAAhEDEQA/AP1SiIgIiICIiAiIgIiICIiAiIgIiICIiAiIgIiICIiAiIgIiICIiAiIgIiICIiAiIgIiICIiAiIgIiICIiAiIgIiICIiAiIgIiICIiAiIgIiICIiAiIgIiICIiAiIgIiICIiAiIgIiICIiAiIgIiICIiAiIgIiICIiAiIgIiICIiAiIgIiICIiAiIgIiIG68J5L3koixfnnkdXxjWukadnzP+wz+p9FLdCRs2Ya0ZfYlZGwdS47BQFrWOLiO0TpZz/gbt/PZbDdPVppe+yTpLs3nKfdHwb0C+sXZovyNmhBVEEkHPbgADx5hcsrl/jU0hn66gB92jNt5l4Ruu63LvKkoHo8K4GNm23A37lpvpY+eR0clau94G7gWjcAqa8nxku8fpCRa3xrgOKKy3/dB/NbDdZYcjnNID5GNy+7mFwsBG+NhfI87MY1vNxXxbo4jGvqf5uh455RG0BoOxPjzU35Z8xfx+mxjNQ18na7qnBYfGN+KUs2Y35lTW/oo+/crYmi+eXZkTOjWjqfIBUWfUuayc5bj43sj8GQt3I+JVy8sw6y7rMx5enS90XLpc9nsXMGWpHcZG/BMAeS6Jh7gyGOgsgbd40EjyPir4/Nj5Lr5MsLj23URF2ZEREBERAREQEREBERAREQEREBERAREQF4eQ3K9WC7O2tVlmkPuRtLj8AlEXlLUlm6zG03Fsj28c0g6xs/qegXmXlkxlCCvjY42zTPEUfEdg3kTufuWrooOs1LORm5zWpSdz5DkFJZ6hVyFBzLrzHGw8fGDtwkeK495Y3JvUl0r0UOp3OkdDkq83A7hc3YbA7A+XqpXBULlexNdy8zZLL2hgDPssb1/moihk5I64o6ZpusNYTxWJhs0k+Phus0eAv5Mk5fKOeGnZ0MB2aD5HwXPH4s7av7SGU1LWgea9AG5cdybHHzAPqVkxVd2Np2b2Tl/aJB3kzvBgA5NHwW5jMTSxrNqsLWOPVx5uPzWDUlSTJYWzXquaZHbAc+RIPRdLMv7X2xueoyYqN87PbrDdppRu1pP9mzwH5la1tov52oxvOOnvNIfDiI2aPj1P3LJgn5J1AR5CFld7WhjSHAk8uvotXMWoNO4dwiJdYkJ4S77T3nq4pb+O6Sd6iB1NK/PagjxVZ36qL7RHQHxJ+HRW+rUrYbHuETQ2KNpc47cz5kqv6Bxzo6s2QmBdJOfdJ68Pj95W5ru8a2FMQOzrDhH8B1P9PmueHWN8t91q+5jFJbka9jJz5DJsdNu7iZAOjvLc+QU3Drh8Y4WY6JsbejWv22H3LBpHTbbsPtuQBFYfYZ04/U+i1rETs9mfY8TDHFThJaC1uzQN+bj5rzy+TGbny6Xjbr6XnT2bgzNd74mOjew7OY7wUwoPDYWng4XOY4944bPle7r+QU2Oi9+G9fl7cMtb6eoiLaCIiAiIgIiICIiAiIgIiICIiAiIgKC1pIY9N3CPEBv3kKVt2oqrWOmeGh7gxu/iT0C0dUQCzgLsZIG8e4JPiOYXPyd42RcfbV0O8O03V4fAuB+PEV85es/L5JtFxc2jC0STgcu8J+y34dSqrpXL5CGu+hjoYpJSTI3vHbbDx2HLdbU2U1HjZHzWao4TtxHugQfmF58fLjcJL6dLheVTFjUUGJtSU/q2w2vCeEPjby6eX/AOrZ0rkq16vY7p570zPe5ruR2J5H4bbKPwusK96QQZCFsD3cg8HdhP5LNncCIT9Z4f8AUW4d3ljPsyDy2W8crfyxu4lmur7e28hefHlKzdm3KzhLFsNuOLff8tl8aZnbHf2g3NO8w2Ixv9h4+21feRZYswUc1jIuK01mz4T/AHjD1Cw6dxL6VgXrcwrsdxuFZx5Rlx89/JTeXKHWmxkdXVKjpYvZ7JsM3HA5obz+O/RVOsy7qvMAy7iNp2cR9mNnkPVXi4cHkH7WpKczx03eN/5rPO6LFYt0mMqtkYzYmOEgbjx+KZYXO/ll0S6nU7b9aJkEDIo2hrGANAHgFQdTzDOalq4+sS6ON3A5w6b9XH5BfOY1nNZgfDSidBxDZz3EFw9ApLQmIdXifkLIIllbwxgjmG+J+amWc8tmGPpZOP5Vv6quMxGnjFB7heBFGB5eP4fzX3o3GjH4pkj2gTzjjf6DwH3fzUFlJBqHVVepGeKrWdu4jof4j+GytOojZZhZxj43vnIDGhnUb8tx8lrGzLK5/EZu5JPtD5J9rOWJvYXEUqm7mkf30o6D4AqawWWhytYvi4mys92WMjmx3kq3Tz9jE1YoLWFnhrsG3E3c/M8vzU/gL2Mvd7Nju7bJIeKRu3C4n1CePKW++yy6TIRB0RelgREQEREBERAREQEREBERAREQEKLwnzKCIswi3nouPnHUj7wN8C9xIB+QB+9R9q59YaoixgI9ngb3sg/jcBuB8BuFIRyiLUdiF/LvoWvj9eEkH+YVNy00uF1pJcc0uY8h4A8WkbH+S83ky49/t0xmzU+LsYXJtv0t2wF/G1zR/Zu8j6Ky6f1LUycYinLYbIGxY7kHfDf+SlqtinlqZLHxzwvGxb15eRCrOS0RC+Tjx0/c/wCreCQPgeqzcMsLy8fcvwbmXWTU11hoK0IyFRrY93BsjANgSfFWzCPkGEqm4dniFpeXH08VDYjSndPa/JWnWmsILYtzwAjz36rX1bdmu5CDCUDzkI74g9B5fDbmknDedmt/C38tYvqxm7WTsexaciDWM9105GzWj0W1V0lE9/e5SzNcmPXieQ1TOIxtfG0mQV2AAdT4uPmVvdF0x8e+82bl/wBUONNYkN29hhI+CwSaZhhd3mMsT05R04Xkt+YKsCLf8eP0zyqrVjFXvsjzlGqLDztHbYwcEnxPgfimsL2RhgdBQqS924bOnaOLYeQA6Kx26sNuu+GxGHxuGxaVE4uw+p7RTuvcXVm8bZD+/H4H4josZY2TjvW1l+VKwEOcpGR+Npu4pBsXyRbcvidlNDL6lp7Pt45sjPEMZz/AnZTEGqsPK7hFrg38XtIC09NS75u1HBkHXqr2GQkg7RuLuQB+BXLHGY6xxyb3vuxsYrU9G/J3EwNac8iyTofn/VeZfTzHv9rxJFW8w8Qczk13oQpHLYWlk4yLEQ4/CRvJw+ajcXNaxFtmOyTjLXfyr2f+R3qull9Z/wDrO57iQ0/lDkarhK3gtQu7uZn8LlKhQM0PsepILMTdmW2GKQDxc0bg/cNlPBdcN61Wb9vURFtBERAREQEREBERAREQEREBRmfr2p6G9B4bZieJGb9HbeCk9wOpURkrctinMMPZgdaj58IIfuPLZYzs12sV+W/kchZpRy4uaCzDKHGcHZob+98iFq65ytW4Y6dZgmstdzkbz4f8I81jotzmozK2a53EUb+F7QOEg+RA/NT+Ow2KwDmyWJojYPSSZwB+QXlnLOWT1fmuu5jd/LX0Zp51CP2u4NrLx7rN/sD19VFaogzD8/xVhYLNx3Jj34QP5Ky28tLYHc4aI2JXcu+LT3TPUnx+AW7j4zQpxx3LZll6ukkd1Pp6Lf8AHjceE6Y5Xe62o3GOs10pHEG7vPrtzVM0LGb+WyGTl5vJ2b6cR3/kAFbcl7+Ms92dy6J/Dt/slVjs0ePY7jBtuHtJ+YWs+88YT+tXPZVvXhtDDcVRxa0OHecJ2JarKFVe0KLvMIHGZsYZIDwk7cfoPVb83WFTD3H3oM23YcutOc5hd+q4judlZ1VOzuLu8M9/fNeHv34Gnfg9CrWnh/pDL3RROUi4bVOxsC3jMMnqxw8f97h+9SM8zIY3Pke1jGjcucdgAufaj1NLknexYsO7tzgA8D3nkHw8k8ucwnZjjb6Tmak07TBZcrwPk8I42bu/Doq+3VUNJro8PjIq7CeZeSSfu/qtjD6QfM7jyUwYTzMTTu/n/EfBWE6TxBZwiu4Hb7Qkdv8AzXn4+TPuTTpvGe+1Q/SvMTyBsUgDncg1kY/NfVu/qCes6O1WnfG7xMHMeoIHVSmS0SNi/GzkOHPgl/qOi805mbePvNxmYDm7+6xz+rT4DfxCxxzl1nVvGzeMWfCym/i6lixGWzAcw4EEOG4PX5qTCgc1ft43IVpi0PxjgGS8ubHE/a+HRTwII3C9mF+HGvURF0QREQEREBERAREQEREBCiINe9C6xUmiY7gc9haHeRI6rnel4hjtTd3bsxxvbvHsHbh7jy23XTFTJtHd5nfbTaPcd733Bw+9vvvtuvP5sLbLjG8LJuVO36cMUjrsUraswHvyH7Lh/iHj/NVyxrCASlr6cdl7OTXxu3afhuN1p6xt2Mlmo8XXJ4GuDOHfk5x57n4KfpYapgqTJGwtmtFzGGR/PmXAcvLqsW5ZZWYdRdSTdREmc1Bej2x2NdAw9HcO/wCJ22X1R0lZuPM+csOc48+BruIn5+HyVjz9yetViZQEZszv7uMvOwHInf7goSKPUpc90N6CfhPC5uwGx2+CXD8u90l666buAbjoMnbpU2WI5IRs5kjiWvHmN1XtPzfUWq5qc+7YpSY9z8d2lWjB465DZmu5WZslmRojAb0a0c9lG63wpuQtu1QTPENngdXN/qEyl4zKTuEs3pb282hQ+p8N9dURCJBG9juJpI3HzUJpXVTJY2VMk8RyjkyV3IO+PkVcwQdtiDuu2OWPlxZsuNQ+mMN9TUnROk7yR7uJxA2HyUyTsF50Vd1rlTj8V3cTtp7B4G7dQPEq3Xix/USbyqvamyljOZH6sxg4og7hOx+2fM+gUxjcRSwTYHzHjsAjeTzc73Q0feVsaOwjcdQE0rB7VMOJ2/7oPRv9Vkib9a51z9t6lF2zT4Pm8T8hyXHHC/2y91vLL4npkzOLfPMy1RtGpdA4Q7q1/oR4+Kgb1zVVUtY6OKQuOzXRtB4uW/8A3yVk1BjDk6XBHK6KeN3eRPadtnDzUNlL9j9H6OSDN560wMrfUbtcr5J7+ExqDkk1XaJHBbA/wgMWlkMXnXNEtuCw/g5hxdxEfiujYnKVcnXbJXlbuRzYTzafULU1Tl4MbjZvfabD2lsbAee58Vzy8ONx5XJqZ3etNDT2UGocbZo22tbO2PgdtzDmkbB3x3VqiZwNDfIbKrYrHR0cni5Y28MktUslAPUgA7q2Bejxb1+XtjLXwIiLqyIiICIiAiIgIiICIiAiIgLwjl1XqFBRczWOL1fWyEo/ZZZAXP8ABh225+StOZp/WONkgY8se7ZzHj90g7grbswQ2InR2GNfG4bFruihJsDYjHDjMnPWZ/6btntHw35hceHHcnqt75e2KLBWbmNfBnLZmlLw9r4ztwbDZY2ZXEadqNqssGZzSfdYeJxJ8/ALUuadvytc7JZsmEDdxIIAH37KJz+FoUcDDcpvfOZJABKTy22PQfJccrlhN4xqYy/KXxktzVFiWad74MbGeFsUbuEyH1IVthgjrwNihaGRtGwHkFCaF4Dp2HhA3Dnh3x4j+Wyh9W5axZzEOHpyGNjnNbI9p5knw/FbxymGEyvus2by1G1ntKw5Bz58a+OKYndzf3XH8iq40agwXut9oYweQ42fmFf3Gpg8U5wHdwxN5gdSf6lRuDs38y4XJXivSDto4mfak28XHy+Czn48bl11WpldfpVP0szHDt3zBv8A6oArJg4L2czUE2RM0sMW7i542by6AeC6JB7PNEJIxG9pJ2cAjrEIm7hj29/wl4YDz2Cs8F3vLLZz+oytPu7eKjtNRuixEDZIjFLz4weu+53PzVLx+eykWoD9YTGOAylsjJOTWt5roVSxDahEtaVssbujmncLphnM7/jGWNxQupci/E26FtwcaxLo5QPI7EH8Fv1fYb9B7a5jlrS7lwadxz5nfyPNZMrRhyVOStYG7HeI6g+BC59dxeX05O6am97oR/eR8xt/iCznllhd63Fxky/1t5TRtuGZ78bOx0J57Pdwlvz8QtnB6Rc2T2nMSNe0c2sY7ff1JUnp3ORZyvJVuNDZ+AhzR0e3oSFDX9L5dj/Z6VoyUyeQfKRwjyIXL+PD++E23u+rdJ3HXGZPUMz65DqtSLuw4dHOJ5/gFZAorT+JjxOPbCz3pD70j/4nKUC9Pjlk/L25XW+nqIi6IIiICIiAiIgIiICIiAiIgIiINPKVDepTV+8dF3jduJvUKuNo6nqfq692KwwdHSbbj7wrfsm3JYy8cy72sy0o+Rw2SsUZ7Gavuc2JhcIY9uHfblvyUvm8Y2bTDqldv9lGHRgebf8AsqZvV22qssD+TZGFhPluFAaYyT2Pficluy3B7rC7+8b5jzXO4Y43X21u+/pEdneRDZZ6Djzd+sYPwP5LQz37DrdtiT7Jkjk+XJfGeqyYHUbbVcbMe7vY/Lr7zVKa4ZXvYqlk4nAOds0c+ZBHT5LzbtwuN94uvXLc+Ulr7d2n92H3e8YTt5c1l0JMJcBGwbbxvc0j57/mtDEWhntK2KchBtQs4T67c2n8FpdnFzhu2ajjtxt7xo+HIrpMt+WZfFjGvxs+kn9YS4+vPjqcfe3vaHsiZtyAPvcR9But/CYluNe61dn76/OeF8jz5/uj0W/Fjo2ZWxdAHHK1renMbdfy+5YLURtZisxzj3dZpmIB6uPJu/3FdpjZ3WNtbVmHky1BrKzmtmY/i2PLi8Oq80liJcNjpI53gySO4i1p3DeSsAGy1MnYFShPMerWnYeZ6AferfHjMufycrrTnc+by1S9LfaXiCWR2zXjeNwB22Vhxus6VpoZfjdXceRP2mqTifTxGDrRZN7GNDdnBw34nHmeXj1UdPpnE5aEWce8xB+5DoTu37vBcJj5Mb+N3+m9433Gg3HwV9YY6xjHsdVn4nbMduG7A7/Lor5sq1pnTTcPPLLJIJpCOFpDdth/VWVd/DjcZ3NMZXYiIurIiIgIiICIiAiIgIiICIiAiIgIiICIiBsoXUWPZNCy5H7luqe8jePxB+Sml44Bw2cAR5LOUl6pLpWdeU/acE+UD9ZAeMH08fwVDpst5N9WhG4uaC7hb4NBO5JXWr9VtypNXk3DJGFhI681o4XBUsSXGsxxkcNi953O35Lz+XwXPOWenXHycZpRcdJLp7U3dS/2Zd3bz4OaehXumJY6+rDLuBA+SSJrvDmeQVvzuma+WutsSSyxkNDSGbc1jyOmK78IKVId29ju8Y8nmXepXP8Agzl69RecsWJp3CrmcyFjEZYTipJYrzwhn6vqHtLj/wAygmZ7O4ZohvVDK1vLie0jl/tDkVsRavyNs8NPEmR/m0udt+C63zTKfVZmFi6RzD2ZksoEe7Q4hx24eXmoOGb6+vtdFv8AV1Z3EHeE0g/IdVGx4jMZtzXZqYwVRz7hnIn0P/6rdVrR1YGQwMDI2DYNHguktz/xmyRCarwUmZggEUzY5IXEji6EFbmm8X9U41tcyCR+5c5w6bnyUtt5oBstfx48uXym7rTzZeoi2giIgIiICIiAiIgIiICIiAiIgIiFAXwHA7KK1bes43TeUu0WGS1XqySxMA34nBpIG3yXK+yjHYjW2joMldzF+3n5Wk3J47z2SQSc9w1oOwA8OWxVk3Nrp2sHdeF4HUgLml/U+S0J2YXchqOV1zIUpJIIXvHCbHvkRE7eJbsSfQr60roh2VxVfJ60tXshmbTBNIz2h8UVcuG/BGxhAAAO2/Xkrx63TTpS84gPEKj4SvkNMZ7IwWLlmfTTaQtRPsvL3VntOz2cZ5kcPMA+SqfZ8y12oR3dRags2xh3zvhx2OhmdFGI2nYvfwkFzifkpx+TTsocCm/Jca1ZYsdlefxGQp3bUmlshOKtypZldIK7jtwyRuduQPMei1u1uOaHtM0RVq5HJVq+XsuitxQW5GB7QW7bAHkeZ6LUw2THbtu48wvXHYLiPaBeyfZvqTTdzF5i9axWRtipYx9yYzAb/vMJ5jqpbNZe9rTtHsaSxd6anh8XCJcnPWdwyyvPSJrv3R13Popwut/Bp1Xk7+i95N6qg5fQsVLFzzaWsX8flommSGQWpJGyPHMNe1xIcDtt81Ve13I5LG43Rebq2LmOydrIVq9qKOZwaWvG7mOZ06hSYy3pZNu08XP0817xDZQes5nwaPzcsDyyWOjM5jmnYtcI3EEeq5v2d5bIWvo7z5GxdsS3xRtyCw+Ql4LePY79dxsrMdzaSOyboCCuS6O9ozfYLjrdy9d9ubj5JxaZYe2QPaHbOLgefQdVG9i+vsq+6NK64cRmhE2enYfsPaonNDhz6EgH57eivC9/peLthcAvOIBVZ1mb/KXFX71/s5xEkhj393i75gB289iVRdPW7fafq7Ount2YNKYib2OGvXkMRtzD7TnuaQdhy5DzWeO007IHAjcdF6uOdotaz2aU4NTaZsWhj68zGZDHSzPlilicdi5vESWuBPgusYu7FkaFe5Wdx17EbZY3ebXDcH7ilnWzTbREUQREQEREBERAREQEREBCiFBG5/IQYnEXMhb39nqwuml2G54WjcrlereyWIWnai7P8hJg8yP1ojgP7POfIt6Df05ei65kKcOQpzVLcYkrzMMcjD0c0jYj8VSq2g7+Px4xuI1bl6eNA4GQFkUro2/wte5vEArjlxal05NrXUGV152BT5C7VDMjh8m1txrBs1/dcnOA/wB8b/NfoPTeRr5TA4+9TeH17EDJGOHiCAtTTulMVgdNjB1YA+iQ7vGyniMpd9ovPiSq3i+z6fAOkh0vqTI4zHPcXCk6OOxHGT14OMEtHputZZTKaLZVk1YYslhsnhYZ4xfuUZhFGXcyC0t4vhu4Ki/RostPZjWoubwWqNiavYjdyc1/GXbEfAq96d05DiHz2Jp572RsACa5YIL3gdG8gAGjyAUNd0GyPOWcvp3J28Jdt7G17Oxj4pyOhcxwI4vUKSzjxJZrSl/SfYcppzCYGoQ7I5HIxtgjB58urvgNwsfbZFPL2kdmkVSx7NYNuRscxYH8B9znwnkVdKekaGEyU+p9R5afJX4Ij+13S1jK0Y5nga0Brfj1WXI6fw+tcjpvUte66ZuNebFR8DwY5Cduv3LWOckkWVpP7NjlNS0s1qnN2Mw+g7jqVu5bDDE7+Lhb1PxKqPZofqTt415jr7uGfIcNytv+/GSXcvPbi/Bdva4EeI+KqesdE47VFipcM09HLUzxV71VwbLH6c9wR6FSZ/FZl+1pfMxjC6QhoHUk9Fxj6RU0GR01pGStLx17Gar8EsTiN2uDubSP5q7DR2QuMFfO6lyGSojbjrd1HC2XbweWAFw8x4rb1lorH6qpYyrbdLBFj7UdqEQbN95nQdOimFmNlWalV/V2haFbS2YsMyWoHOjpTP4X5ew5pIYTzHHzVZ7Mf/LLY5b/AOb7v/Ou12II7NaWCdgfFK0se0+II2IVS0poSnpvTljAwXLdjETRyRiCctPdtfvxAOAB8T1VmfWqcula7MTv9Hiif/apx/8AdY9YaD/S7s80/bxT/ZdRY+nBLSss9124jB4CfI/zVr0vomDTmmJ8BWv3J8Y+N8UccxaTC12++xABPU9VZsXTjoY2rTjLjHXiZC0u67NAA3+5Lnq7hb8xx/so1nNq7V7o8nWdVzdDFSVr0RBADxMz3h8eq9+jgTjGawwNtvd3aeWkleHdSx4Aa74HgK6RW0pjqmsLWo60ZjvWq3s0wb9mQBwIcfXlstDUGhq2RzrM5jblrEZprO7dbq7HvWfwvY4Frgrc8buRbZ2r30jbkcHZblIT701t0daFni55eOQCuXZ/jpsTovB4+1v39alFE/f+IMAKh6+gmWc1WympcrbzlioeKtHYYyOGF38QYwAF3qd1d2jYlZt/Hizb1p9IiLKCIiAiIgIiICIiAiIgIiIG6icpqLD4ggZXJ0qZdzAnnawn7ysuobE9TCX7FNvFYiryPjbtvu4NJC499HbGY/NaTn1BmI4snm7dmRtizaaJHtAPJo36DbnyVmO5urJ8uqY3V2n8paFbGZijcsEb93BO15/BQGIvZKLtHy0V/UWLmxT42NqY1rm+0RP2G/EOv/8AVz7sUhii7Z+0RkcbGNjkaGBo2DRxnkPJNCsY76T+si5oO1cbb+Hux9F0uEluvprj7dtyWYx2M7v6yu1anecmd/K1nEfTfqttk7Hwtla5pjcOIO35Eee64X9JBjXat7OQWgg5NoO4/wBZGuq9oTmw6Dzzg4MDaUvMHbb3Ss3HWv2zx9IvtNp5TOae9k09kcdW3kaLht7PjdAd+Np/7HxWl2dRTaXw2V+uMvh3YWGyRR9lcGx1oSdmscem+5Hz8VznRMUTPov5uYtaJpYLXE/952xIG5WN8Uf/AIRh7rQXMjLuXX9rbzK3w/47+dN8etOz6ks3M5pG4/RmUpx3ns/Z7ZcHxNIPMkjfw3UHoCfP2NSWpMhqbD5XGCnC0QUyC9s4a3jcdugJBI+PQLa7N+5PZFhTDw8JxgHu9N+DY/iFSfooMjbofKODWh/1jIN9uZ2YxY46xv6Z+3XrucxdG4ypcyFSC08Athkma17gfIE7rLkcpRxsAmyFuvViPLjmkDB95XENUxMs/So04AwSCOiXP2G/D7knM+XVv4L70PDFqztt1g7VMbbRxBEVGrP70cTSduIMPInl19VZ4+trx626pFrvS0swih1Bi5JC4NDWWWOJPlsD16prnV2M0hhXX8pK1u54IYuIB0zyOTW7/wDY6rlOq6VSH6TekY69eCKL2AksjYGgn9bz2HwC7bkcRjcnwfWVCpb4N+Hv4mycO/XbcKWSaqWSOc6Z1HfltRZPO6w09BDNzfiGOjIgaeg73i3Lh4nbb0XSKGTpZCMyULUFqMfvQyB4+8FR/wCiWmx0wGJ/+HH/AEXH+0KlW0D2paRymm4mUIcpOKl2rAOCKRpe0cRaOW+zvwUkmd1CTd1HdprEcLOOR7GN323c7YLWtZjH1IWTW7taCKQ7MfJK1ocfQk81yX6U0jP0BpR8Q4n5GMBu/M7NeSoD6RVSvBpbQsFeGOOEXGARsaA37DfBXHx8tfsmO3c7uocRQZA+7kqcDJ/7J0kzWiT/AGd+vUKThkbKxr43BzHDcEeIXB+3qCM6y7Noo42n9vaAxo8O8j5bfeu9NAaNgNgpljqSpZrt6iIsoIiICIiAiIgIiICIiAiIg+XN3PPoqTJoGhjrtzIYHIXcFJZJksNqPaIXu8XFjgWg+qvCw2q8VqvJBYjEkMg4XMcORHkUl0b0/O/Y5p+/mNY61zFLL5CpUktiGK9EyPe1sXbnm3bbpzHmugUeyeOhqW5qCrqTLx5e20MnnAi3eNh4cG3gF0erVgqwNhrQxwxMGzWRtDWgegCzLeXktu2rla/PXaLDpz9JTW1RqXUdnIYCFuRjLa8fCzdzdiCGbE78PVXsaNGssBVfe1TnrWHuxtldWdwQ96w8w13C0Hb0XQpqNWZ73S14Xue3gcXMBLm+R8x6LPGxsbQ1jQ1oGwAGwCnP0bc//wAlWGbQlxkFrJQ4OaTvZcbHPtC88tx04gDsNwDsV8O7KMS6m3GG/kzgGy98MUZv1G/FxAdOLh4ufDvsuionK/abrn2P7NhiK0tPBaizOPxry4tpteySOMHqG8TSQOfTdaul+ysaWovp4DU2Xp1XymZzA2J27iACdyz0XS0KcqbrlOFraZ0l2ltx01jJZDVeWgMhu22l/uDc8IcAA3p0CtOoNDYzKZmLNRPs4/NRt7sXaT+CRzf4Xbghw9CFZ31oXztmdDGZmjhbIWjiA8gVkI3GxG4UuV9lr86ZPBX8r9IPHV6OavWpMdRJs5Du4+KuTx7M3DeHf3hyI35rrX6IZf8A0zzX/BD/ANCs9PGUqIk9jqwwd44veY2Bpe4+JI6lbitzt0ty2pn6I5f/AEzzX/BD/wBChc/2UN1BZoWMxqXL2ZqMne13FsQLHbg78megXTUSZWek3XOcl2VY/O24ptU5XKZtkIcIoLEjWRsJGxdwsA58+q+r/ZRh8rDBDm7uUyUFaMxVo7FjlBvt7zeEDdw2GxO/RdEROVN1SsZ2f06+cqZbJX7+Xu02FlR117XCuPNoAA4v8R5q6gIilu0vYiIoCIiAiIgIiICIiAiIgIiICIiAiIgIiICIiAiIgIiICIiAiIgIiICIiAiIgIiICIiAiIgIiICIiAiIgIiICIiAiIgIiICIiAiIgIiICIiAiIgIiICIiAiIgIiICIiAiIgIiICIiAiIgIiICIiAiIgIiICIiAiIgIiICIiAiIgIiICIiAiIgIiIP//Z
40	amjad	pt.amjaad@gmail.com	password123	امجاد	الملحان	ASSESSOR	الجودة وسلامة المرضى	534252544	أخصائي جودة وسلامة المرضى	t	\N	2025-09-15 08:40:09.08681+03	\N
1	admin	admin@salamaty.com	$2b$12$.XNEnwkCnq.YXJq90u9QC.GCdcUz4aVgGPBuT870jGEWGV76GyM5m	مدير محدث	النظام	SUPER_ADMIN	إدارة الجودة المحدثة	0501234567	مدير النظام	t	\N	2025-09-08 14:12:21.400932+03	data:image/jpeg;base64,/9j/4AAQSkZJRgABAQAAAQABAAD/4gHYSUNDX1BST0ZJTEUAAQEAAAHIAAAAAAQwAABtbnRyUkdCIFhZWiAH4AABAAEAAAAAAABhY3NwAAAAAAAAAAAAAAAAAAAAAAAAAAAAAAAAAAAAAQAA9tYAAQAAAADTLQAAAAAAAAAAAAAAAAAAAAAAAAAAAAAAAAAAAAAAAAAAAAAAAAAAAAAAAAAAAAAAAAAAAAlkZXNjAAAA8AAAACRyWFlaAAABFAAAABRnWFlaAAABKAAAABRiWFlaAAABPAAAABR3dHB0AAABUAAAABRyVFJDAAABZAAAAChnVFJDAAABZAAAAChiVFJDAAABZAAAAChjcHJ0AAABjAAAADxtbHVjAAAAAAAAAAEAAAAMZW5VUwAAAAgAAAAcAHMAUgBHAEJYWVogAAAAAAAAb6IAADj1AAADkFhZWiAAAAAAAABimQAAt4UAABjaWFlaIAAAAAAAACSgAAAPhAAAts9YWVogAAAAAAAA9tYAAQAAAADTLXBhcmEAAAAAAAQAAAACZmYAAPKnAAANWQAAE9AAAApbAAAAAAAAAABtbHVjAAAAAAAAAAEAAAAMZW5VUwAAACAAAAAcAEcAbwBvAGcAbABlACAASQBuAGMALgAgADIAMAAxADb/2wBDAAYEBQYFBAYGBQYHBwYIChAKCgkJChQODwwQFxQYGBcUFhYaHSUfGhsjHBYWICwgIyYnKSopGR8tMC0oMCUoKSj/2wBDAQcHBwoIChMKChMoGhYaKCgoKCgoKCgoKCgoKCgoKCgoKCgoKCgoKCgoKCgoKCgoKCgoKCgoKCgoKCgoKCgoKCj/wAARCAEnASwDASIAAhEBAxEB/8QAHQAAAQQDAQEAAAAAAAAAAAAAAAQFBgcCAwgBCf/EAEcQAAEDAwIDBQUFAwsDBAMBAAECAwQABREGIRIxQQcTIlFhFDJxgZEIFSOhsUJSwSQzQ2JygpKi0eHwFrLxNERTwiVjc7P/xAAbAQACAwEBAQAAAAAAAAAAAAAAAwECBAUGB//EADQRAAIBAwMCBAMHBAMBAAAAAAABAgMRIQQxQRJRBSJhcRMygQZCkaGxwfAjYtHhFBVS8f/aAAwDAQACEQMRAD8A5UooooAKKKKACiiigAooooAKKKKACiipHpDRWotXzExtO2mTNUTgrSnhbR/aWcJHzNAEcr0DNdRaN+yo+4G3tX3oMjmqNAHEr4cahj6A1c1h7NezrRraPZbPCVIR/SyMyHVHz8WcfIAVKTexWc4wV5OyOFdPaN1JqNYTYrHcZ3QrZYUUD4qxgfM1ZFm+zf2gXAJVJhw4CTz9okpJHyTmuxXNURmEBuFEPAnZIOEgfIU3SNUz3Nmgy0PROT+dNVCb4MU/E9PDZ39jnu3/AGTrw4kG4amgRyeYZjLdx9SmpHD+yZa0ge2apmunr3UVDf6qVVpOXm4uZ4pjvyIH6UmXOlK96S8f75q60z7md+Lw4iyDJ+ylpXHivt7J9C0P/pSeR9k+wKB9m1FdGz5uNNr/AEAqemS//wDM7/jNAmSU+7IeH981P/GfcleKp/d/MqW4fZLfGTb9WtL8kvwSn8ws/pUUu32XtaRAowpVqnAcgh1SCf8AEP410Ui7T2/cmPj++T+tLGNTXNk7vJdHk4gfwxVXppcMbHxKm90zirUXZJrrT6VLuGmrgWU7l2O336APMlGcfOoO42tpRS4hSFDmFDBFfR+PrJX/ALmIk+rav4GtN0haK1agt321wX1q5mUwAr/H/vS3Smt0aYaqlPZnzjorszWP2YNM3YLk6VuEi1OK3DKld+x8s+IfU1QOvuxHWmjeN6RbjcLenf2uDl1IH9ZPvJ+Yx60s0FY0V6oFJIUCCNiDXlABRRRQAUUUUAFFFFABRRRQAUUUUAFFFFABRRRQAUUUUAFFFFABUg0do++6xuQhadtz0x3I4lJGENjzUo7JHxq4Oxn7PFy1P3F11cHrZZlALbYGz8gdNj7ifU7noOtdT25mwaItKLTp6Cww21yZZAA4v3lq5k+pyatGLk7IXVrQox6qjsioOzj7M9ksqGp+tpKbpLQAsxmyURkHyJ2K/ngelXIq72uzRkw7LEZQ02MJbYQG2kfAAfpTDcbnJnqy+4eAckDZI+VITWuGmSzI4Go8YlLy0VZd+Rxn3mbMyHHihH7jfhH+9NpNFeVoSUcI5cpzqPqm7sDWJr01iakEgrw0GvDQNSCsTXprE1A1IK8NBrw0DEjw14aDXlQNihREnSoawuK+42R5HY/EcjUlt2sVDCLiyFpOxW3z+lRE1iapKEZbo00qk6fysXa57ItD9o7K5TTLcK5kf+shAIXn+ujkr5jPrXK3aj2Jao0Gt2Spj7zs43E2KknhH9dPNJ+o9a6eYfdjPJdjuKbcTyUk4NS6zauSsdxd0ApO3epG394VmnQazE6NLUqWJYPnBRXZ/a39niz6njPXjRBYt1yUO89nTtGkfDHuH1G3oOdch6isVz03d37Ze4bsOaycLacTg+hHmD0I2rOahsooooAKKKKACiiigAooooAKKKKACiiigAoopXabdLu9yjW+2x3JMyQsNtNNjKlKPQUAY26DKuU5iHAYckSn1hDbTaeJS1HkAK7H7D+wSBpNlu+60QzKvKcONx1EKZidcnopfryHTzp/7EeyG2dmlq+9byWZOoHEfiv4ymOD/Rt/xPM/CpPeru7cXOEZRHHuo8/U02nSdR+hh1uuhpY5zJ7IXXrUK38swSUNdXORV8PIVHSc1inIGCcnzxiva3xgoKyPKV9RU1E+uo7nleGgnAJ6V5ViqQGvDQa0SZTEVBXJfaZQP2nFhI/OgZFXN1Yk1Frt2haVtaVGXe4hUnmhlRdV9E5qvL726Qe9WzZ4r4RnhEhxIzz3IQT+p+QpcqsY7s20NHVrO0V+OxdDrqGkFTiwlI6k0xjVMBc9qGkPJfe/mg82pvj3xsCM/lVD3HtPiOyEux27qp5CFDv3ZAK3FEY3xslPogClMjtdjzmYwl2x5h1k5zCWlsq8vGQVD5GsVTVVH8isel0fg+jjZ6id/bFv8/kXO7cbsq5txJBi2vvVlDKnhxB3GM44ik53xypXapr0qbPtz1wt3tre0cocT+IcE4IzzGNxkc6peR2wWt6FAB084qbEUFIdckFacjHnuc467U+MduUNyXan3YrsVbb+ZXdMIUlxBwD+0SdvQfGs7qVb3uzuUtN4d0dKhHlZXKynm7s9mi1oTkl2I+srYfkRsh9tnxYI5hPCVE/TelbQW5CZlcCktOjIP8DVWJ7YtKnUEx0W/ghuJWSosKPfHAxlPMEnOTnpUrtPaHpm7actcW33WCJynkd8xMccaLAzv3al4wNhtkgZ2zTKeoqR3yhGq8J0OozSag21yrZV3i/D9vxJOa8NZuzbXcLuI1hmxJbSUHvnEyEZbUP3h6+acj4CtatlKSeaTg/Gt8Ksamx5nUaKrpmutYf8+ns8nleGg14auKSA1ia9NYmgZFDnZb3KtLoLKuJknKmlcj/ofWnTWujdMdrNgLNwaDcxtJDUlAAfjq/inPTkfQ1FzW6FLfhSUvxXChxPUfofSlVKSnnk1Uqjjjg5E7T+zq99nl7MG8MlUdzJjzG0nun0+h6EdU8xt5g1DK+j06LY+0jTcizX+KhzjT4m84UhXRxtXQj/AM7c+Iu2LsxunZvfzGlBUi2PkqiTANnE/uq8lDqPmKxNOLszYmnlFfUUUVBIUUUUAFFFFABRRRQAUUUUAbGGnH3m2WUKcdcUEIQkZKiTgADzruH7PnZLF7PrIL7f0IVqCS1lZUMiIg/0af6x2yfl8YL9k/sp4Uta31AwPO2MuJzjzeOfon5nyq8dRXUzn+6ZP8mbO39Y+dMpU3UdjHrdZHS0+p7vZCe9XRy5P5OUsp9xGfzPrTbQa8rpJKKsjx06kqsnObu2Brw0GsSaCUgrwmivDQMSKf7au0S4WKc3YtPZbnLaDrshIClJCicJSN99sk46jFUtIser7y4H5ca5SVONh3vJBUSUE+9lfT8q6ngSEffDqoth71UtwokyeBKSoJGASSPFjg29OVK7Xcbi/Ltch2yNlyUx3b7yiEnAJxt8ByPn8q5Fau5TaPonh3gsKWnjKay1feK4b59n/g5btnZfqO4QX5iURm2WccRdkDO/LYA05Dsa1EmMzIdk2ppp5PE2pckji64Hg5+ldMQ/vSZZ7xHXam38S1paZcKUjhJyD69COVO7H31K0fMR93oblIbU00ltzi5DGAOp+lJUpHUnoNPHH9yXzx2aXp39DlmR2L3iLbWpz12tJZcICA0p1at888tgDkaVT+wvUsNlpwXKwul1IU2gTSlSgfRSBj67V0fcro5K0qyLrHtS5YJQpMmalkowSniAI2O1a5WoIN40+8u4RbSbgyFoipU53vDyGRxJHln1wDUOrbdk/wDXU7RXS8SabUk/btj1sjlK4dl2tIUUyTZn3ooSSX45Q8jbn4myoVEZLM2I84zJZW08g8K0LRwqSfIg8q7MlX2zHRns0mJFjzXQeNEd0N5V+8Qckg4BIGaj13GmdU6fYgS4MaZcWk91FQmTxScEcgopSrn+yOIDHI0KvFvcVPwiVn0PPVbNtu97/tY5OMh1JyUJz8KkOl7HedRPpbgQ0ForCFPunu2kEkDxLOw5jbn6VOI/ZFcrbrRlFygyZllBLoUkcKlIAJ4V/uEYwR9DuK6GtDcy33qz263xoot0KLxOJYbQEFRGDwjbhIOBtywedWdRbIVQ8Om/PVdlZve17f7wVS39n8Rn4bNy1ZAZnSVBsNx463MKP9YqHXbkM0ol9hms7JckMae1IXVqSXEFLrjCNuYIyoeXQjcVbMG8Wi7axZenNTIchtottolJKAVDn6JA8wd89Mbv0BEaTqd5FsvMjvWPG62pfeIO/ujfkM+exqVK+UxlXQxpLpqRafTd3TtfjK+nc5bud/7QtIzTFvElYWFcITMYSQr4LAGc4PWpXo7tLVPmx4F8jNtOyFBtqQwcoKz0Uk7jPnuPhV33BIuFo1IjU8ULiKyxxdyF90kj1ztuk/MmqF1Z2VqtOrbLdtNOKlabkPsucSVlfckKAUPPHF58s/R1OvNNK5z9V4bCMHKK27eye/PsWsaxNGc14a6RwUgNeUV4agakbI0h2K+h6OsodQcpUKmdxg2btL0lKs18joWVpwpOPE2v9lxB6EH+IOx3g1KLfNet8xuTGVwuIPyI6g+lLqU1Neo+Dsch9p+hLn2faoftN0TxN5K40hI8L7edlD18x0NRCvoP2l6Ntna3oRTIShu5sgriPK95h3G6Sf3TsD8j0FcC3q1zLLdpdtubC482K4WnWljdKgd//NYmrYY8RUUUVABRRRQAUUUUAFWV2C9nbnaFrZmNIbX9zw8PzljYcGdm8+ajt54yelVwy0t95DTKFLcWoJSlIyVE8gK+gnY3o5rsz7NmGJKEfej4EiYR+06obIz1CeXyJqUruyKzkoRcpbIkuoZbNvhNWq3pSy2hARwNjAQgDASPLb8qiprZIeW+8t105Ws5JrUa6VOChGx4rV6mWqqub249grwmg1iauJSA15QTWJNA1I9JrU+6GWXHDyQkq+lZE006hcYXGREkSVx0yFBJUg4Vw5GceXP6ZqlSfRFy7GzRaZ6mvCivvO3+fwQigxLu8GSu4x4jgS4ptCE8RThsJ3zzwVKyOmPnSiDb5DjOn7gu+pcjtqVxPLAR7wI5Hbbcb/StNnGn1XC2O90pwym3gh9fHgeLOADzJyeXpWf3hYLNbBGuNlmTIUd5SmHpTZSFKz4UgHBUck7Yx58q4W/89j67mnGyi0l/bFY80Xu/1d98DsWZNmeTdItznXuK86oKZiKbAAIOCT7udsZ2OwxzqJ6hvDAvs4adU8yqQo+1PFfEknO6UgjGemem4+EevmuJKlnTsN1xMgZW8pOAiE2o5DSAAMrwcFXMb9eWFnCUtICU4GOlI1FToXSt/wBBNKo6sm742usdS4ulZY9hzt8FBWFrHEs/tHnUijREkDYU0xjw4p2iOnPKuW2a3M8mWxt5sjApm/6eQ65wlIxnyqXtZUOVK48YcYOKFcqqziabdAuEO2lcR/v3BgqafKlcYAAwDuc4A2/qitkrSsJ1xbjTIZcWSolvwnJ9RT8zhKR0rclSeIE8xWlvqik+DHLUSvgh6bTerKHHrNcnQojduR+MhWOWQrf6EVHIurGdORJES+wpkGY8sE3OA5kqPFncK90dOoxmrUcWCn0qI6xsLF2guocbBJB6VaNaUHh3GUq3XiXNvrba/ckFsuEy16cXMRcBdGpOAyngyptagT4inbmeuN9uZr2REZWu2w3FojzfY3kPQkpLaXFL4SFA8uLiTy6kmqI0hqAabvfs8hEtLrTpZU6wdwpOOFRB2OUlI+tXtbLsb7c0O3q1Nw4MbdMpxwJUV58OCDkfDPXma6MKimVqUJQTq2w73eFxZJLnfjN84I2tKm1qbWcrQeEkDGfXFY5pwv8ABehyG5C1JeYkuOgPIOQo8ZKfgeEgeuKbia69KfXFM8dqaHwarituPY9zWNeGjNMKJAa8NBNeGgakPOlryqz3FKlE+yueF1Pp5/EVAvtbdmyLna062srYMmMgJnJQMh1r9lz4p5HzB9KkRqfaGuDNytr9luCEOo4CkIcGUuNnYpI68+Xkaz1oX8yGJHzjoqedteh3NA6+nWpKFiAs9/DWrfiZUTgZ6kHKT8KgdZSQooooAKKKKALw+yhof/qbX33vMbzbbMA8cjZbx9xPy3V/dHnXWWrpxeliKg/hs+8B1V/tUa7A9LjQnZHDVJQBPmI9ukbYPEseBPyTwj45rc4tTi1LWSpSiSSeprVpoXfUzh+NajpgqMed/YxNeGg15Ww86kBrEmgmsSaBqQE1iTQTWClUDEj0mmZp+WvUKVMW1UloPIYLqlBIQMKKsZ5+8Pp1pdOlJixlurUlIGw41YGTsMn401KhJRbLvb7nqRtqU2pDnCU92EY4Tt13yBtvkisGtqWioo9d9ltGqlaVaawlbZvdpN47J91uOLsibGhut3T2C2vwZBcjzZKSUqbChjgAxvjY75PlvVS9qeqJPA5cJF2NxYC1R4SUgNhTwVupWDyTuMDbkDuTlg7Xu05U99Frt4Cn4qFMvXBThX3h5K7sDZAI6jc5IzjnTzkpySppbgQO7SEAoQE7DlnHM+prHGDWWdzWauMvJBe+MfTmz3+uxaOhIau5W64suPPqDi1k5JyPOrHgN8CQBzqJaIZCLKwsghS0gn+FTBMN2VG7pCu7bX76+vD5CuRUfXUdzp0V8OkrCWZqe3wX0NOPcas4JSMhPxNK4WvLGHg2ZWDyyQcfWtCbJp1hvglMocB3KVLPjI64HOt6NP6XkAlm3R2Vn9pDZSf0q39JcMW3Wk7ponFnvtsloT3MthwnbwrB3qTMd2pIKVA/Cqdi6bt7Mpt2K8pPBsAFZBGfOpvZ5bzRUgHiQFZG9VfRwSut4ZNSMJFHASvAOTTVMmviHxIQUrG4zvULvd81GmR/+KW22k81ON8WT8KLRfJTzIsstkczWh9OEqBGdqrKFqvVaJJ9st7qmR/StoyD8gdvzqSW3ViZLqW5ySwXAAkrGPEehq0qWLxZWFR3s0VbqqUq0doUjuU4S42h1WBnbdBIHoSk/wB2rEsM+63KGZb64Ua3s/hTozyC4fCclW6dtsEc+dVH2xzvYe0O1OpOO8jqbUfQq2/MCrD0VcrpPjMy1yYse1pQlMsOAK40Dmrl1H0O3Sn07qMWdPTzVTqji6fP023y+PUsyYzETaQi2qKtPMsOS5DyFBw8QG2D1I2PPpUXSSUjOM9cHIz6VLI+bb/ItMpzDeAekPlZcQyORwQdtt/nn4R28spYvEtcdba4EhQeiqbOR3eAkj/ElXyxXX0srS6Tz3ilJSiqi/F7tP8A9et/XYS14aM15mtxx0gzXmaDWOagbFHppRbZrlvnsymffaVnHmOopNmvDQ8jEjf9qHSSNZdmSL5bmu9mWpJloIHiLJA7wfIAK/u1w7X0c7PJyJltlWqSAsJBKQrfiQrYj6/rXCHatpdeju0C82VSClph8qZJHvNK8SCP7pH0NYJx6XYq1ZkSoooqpAVMOyLTStW9o1is4SVNPSAt70aR41/5Un61D66V+xRYhI1JfL44jIiR0xm1EclLOT+SfzoA6X1g+Go8eG1hKfeIHkNgP+eVRM056ik+03d9QOUIPdp+X++aa66VKPTBI8ZrqvxtRKX0/AKxJr0msCaYISAmsScUE1rUaBiQKVWsmvFKrWpVQOihuvDyC/GjuW1+5Jc4ldy0ASCMAKOdsAnr5io3rlyLJtwtVwVFOo31gPGKz3YjNpOSAeu22c9c1I33nxc0ptyAu4+zq7lPxWgE+WAMk/AUw9ootjrMhMp1lOpSxwPPAKSEY3Vw9NgNvTHnXH1bvUZ9H+z8HDQwtdXu7rfe132jw3y1bg50vGkZns8i4QAmTBQ4pOUK4lpTnAKh5GouGyh4IPvZ5Y5VeHZwkuWm4uSBiI4e7CVHmcZ/LIqr5tpDOtVQOEpSl8Dc5JHMH5jBrPSrNtxlwRrtJGm4yhyXDptju4EdGMJSkDHntUu7xSYmEjpTLamghLaANgKk8djvEAcNcmTzc66WEiDyLU7Pbm94/JQpSQGu4cCSDncnPPI89httWjQsCWzd7jDfnXCHGRJUtmfJfBJaAPCjut0qKspJ8sHGDirGat6G1ZxjNJpkOOjKwkcXwp1PUdK6bCKmlU31XaIe5fim6rbeCFvIUUqcZSQh4fvAHkfSpVp+cXlIUk7FVRiXaTMnJVgpSk7f+KlNliJiltCdsVSbT2Hwhbcn8xZFsyRkkCqR1rqyRBmu8AWhhn31hBVV6loSLZwdSmqr1rpeRNLyShS2HeHJSBlBScg8qlRSleQu7s1Hcw0RryNNjtqUp3ulZSHX4y221EYyA5gJzuOZ6ips8iLeI7gWy2okEEHmPmKinZzp46fgPNvSn5kcIWlmI6EhlouEcZ4dySeFI35DOOdSbTts+7YZQjiCN+BKiTwp6D5VNZwi18NlKKnJP4qyc9dva1Jv9rRklxqPuc5/aP8ApTx2M3mS8ZEZ25mPEZSZDrDrYUlxoq8eAQeWQfnTJ2894rWqgn+ibbwPjxUwaVuz9qlw5K0LCu9BVwHxFGcKHzGRW6C/oxFaSp06qT/a52TZ7gzaGBbNOR1T2ZQ70Fa+NloK2I4s4A2zg458zSbWEFNvnQ2oacwEtK8YUFDvFqKiBj4Zx67Uk0heoFvioh6ZjyLk1MAd4e8JQ2FbYB6cjscfGnHV8P7mhswmVOOMuPiT4s8LII4OEfEqz8q10JWkg8Sp+WSzlXzvK3Lzhpbd85I9mjNawa9zXUPOJGVeGvM0UDEgrzNBrGgakPGlbh9232K8o4bUru1/2VbZ+Wx+VVx9tjTYDlh1KyjdQVBeUBzxlaM/56l+ak3bFak6y7CLmAnjktRRLaPUONHJx8QFD51mrrZlakeTgKiiis4oK7j+yZZxZex77yWnDlxkPSiTz4U/hpH+Qn51w6OdfRLQsQWXsWscUDhKbcyn5rAJ/wC41MVdpC60+inKfZMbVqK1FR5k5rAmvaxJrqniEjwmsSaDWCjQMSMVGtajXqjWlaqgdFHilVpWuhaqTrXUDoxEbj0qPdu/hNtOSgypLGVhKkqOc7ftgjp0IHnUP7XnYT9q/lBbc1I8UNPJSSA1kgEY5ZHLPPf4VKLs0h9kqLLDrqQe6L3uoXkFKs7YwQPkTUX7WWrfcYJMx0DULICpfCFNgBI4jw52OwG488+lcfVRam/X+fifRvA9TGpooxj80Lp237q/9uc7Z7mnTUuJp7S0aMsNonOJKhx8+Imqv1afZe0kvPLSvjDSuLz8IH1yDViRLa1rPT8Oc1IU3OZBQsIAOVj3gR8d/gRVU69dnovcdF0Z7uRHRwJUE8PEgE4P61z9OvO098mnxBp0lNd0y8LKEvISpJBBGflUtgtcQGMYqsuzu6CZCbRxjjSMKBq2bO2FIClc6yzi4uzGwmpRUkbzGKkU1ToYSd+VSR11tlHP51EbzdEF4pC08I9aXZDoyGyasMOhIypR5BIp3sEAvPpW8T6CovO1Tbbe04pYDsnOzfGEkj4mpvom5Q7sy2+3lvIyEK2NNUWVlUROGYwRESB5VoVHSo5Kc+e1KX5sZhhPG6hIO2CcURXkr8PQ7imzS2MSlKzYkXbY7m4QAfhWh+N3TRA5AU9d2AcjlSO4FIZUD5UmcEWhUbdjljtmgJma5lo71LRMNpYJHUFX+lRmz2icmwPTEN94hvCEnmoKyenUf61K+1yQXdXy+6SCltttClA59cfUivdBt3YqZjwn2Ct8peRHcA8ac+fxxW6MrQivQdo6KlUlPZ3e/Ysjsj1K3Y7P9w3GJMdcleBKGtz4gASDzHPOMZBzVmaoactmm3LTMe9ofcUmQyoblLaFJJ4jzPl/zFVVcol5sGuGLiywnuI7KO+G/dryrKgD0JABB6ECrNXNXP0FOnzJHtUFTH8mlrwHUq4hhCgOpUACa0UZWeeC2upJ01KP3t83u3tb27ckVCqyBrQleazCq7J5ZI3A0ZrWDXuaBqRnmsTRmvM0DEgqxuz5Sbhpufbn92+JSCP6q07/AJ5quKm/ZY8RcZrP7zQV9D/vSqqvEmpHyHAmoIK7Xfrlb3BhcSS4woeRQopP6U31Zf2j7WLT2z6laQMNvvJlJ9e8QlZ/zFVVpWMyGyOnjfbTjPEoCvpPfGhD0nBiDYIS03j+yn/avnJp5sPX62tHkuS0n6rFfSDW5/kEcf8A7P4GmUfnRk17tp5+xDSawNemsTXSPJJHhNalGslGtSjUDYowWa0OKrNZpO4qoHRRg4qkri6zdVSR1dVY+MRPclj2OQFe73as/SkWtzZpllfgvxe5EZhJTOUMmQ0kZBCjzKsevXFbJ7iRGdLiONASeJOM8Q6il+tJMg2uS3qeEoWpo97FLeAXNsttKAPPp5ZFc/WPKPYfZuPkqfTmz52XL9Ci+z7U7Om9VuxpJWIEojjCQVd2vorA8s4OOnwrDtxW29qSHKZlMSW3o6eEtLCgACry+NIbfHEq5XCbHQFTG1laWsFWd99vIb0z6utaoj7UtmOpqJJbDrfEoHmTn4bg/LFY4049fUtzdqnNUmmsXJF2YXFMa4JZdICFnYE4roS1TEBhBSoqBGNz6VyNapRakpWklJG+1XTojUxkwkocWe8WOJXmKz6qk79SDRV7roY+do2uvumOpLA43FeFPl/vVMy9WXq4PKUp1YR5JGNqe+0lRl3ZkIUDgcOAc4zTzoVVqeuEazOxExpriktpcexwuE9Unf8ASilCMIJtXZacp1ajj1WSK0lTJEh4KkKK1q335+g8qn+k9WS9PwXnHOJYSBwoOwyfKrNZ7LLc/NbnIYbkqUokISoFCsHHlUjVo6FKjrhTLGwtjqjuP4irSrwatYKWlmm5daKckdo0x67sSVE8CMZbOeHHlV86J1fb9QwmnI60oeAHE2TuDVf3nst0+lHC0Xobiz+GSokDHTxc+dQe4Wi4aCuUZyDLU6y5uHAnA2O4I6dKiSp1MRwwarUl1TzE6sDvg86Y77NTHivOrIAQkk036Vv4vFiYmg8PGgEo54OKgPa7qT2azuxm1gPPHgwDvw7A1j6XKXSPi1BdTK3urvt1l1JfJDgS0uUhDY/fXnIA+QT+Z6Uu0VAkiRYpkh0MyYz6GUJSkHCc7cXrv+dI5VlMjstTOjR3lNGWXl8BKglXAEkq+Pl0z8a326O6wm33eaoMMvLQl5vJHCoEALG/PYH0rbKNjdoYyUU3i/7nQEjTt3u9nviXbhGksuMuISAnJCsEgA80+95nFMOhrXdbY+uwzHES4mE+1QnCkfhgjxo234TvtuRjqKedNMFvRkt7757hl6WXg42fCQVDHLr8OdON+07Gi3W13G63tKSxHdZkqXhKnkEZCR1PLbOeVO6b2aLyrKDlTnJWz917xXp/9TsQnKUrWltYWhKikKHIgEjP5VmlVI0qbClBlPA1xEpSTyBOQK2pXXZV7ZPJ2V3bYVhVZA0nSqswqpLpG7NGa1g1lmgbFGWak/Zw6UaobT/8jS0/ln+FRbNP2hF8OrLfjqpY/wAiqrP5WWmvKyhftjRQz2rtvgY7+A0T8QVD+Aqiq6J+2s3w68sq/wB+B+jiq52rCc8c9MKCNSWpR5JltH/OK+jmuP8A0Mb/APof0r5rwXC1NjuJ5ocSofI5r6TatWJFiiSE7pUpKs/FJplH50ZNcr6eZDSawJr01go10jyyRio1pWa2KNaFmqjYo1OGkzqq3OGkjqqgfFGl1VInVVvdVSF5VVZoihNNcKWHFJ3KUkileu5Ey02N1+4KjXIPguW1CSVqbdIB2GN0pzgHORt57NstRLTgHPhP6U8NWhsRoRgyxJsie7dkZOC2CAQ2gj1PErljasGr3R6v7PNKNRP0499nw/1yiDWGJb9KQ48pvu5cpxaUziF8S2uLHTHn02zmo52swbitDvFCRFtiCp5KSQMjI3265Xy+PlVhRFW233xmBbIyJUaclQ4uLiy4nJAJO3L6Ypq7TbNc7xo15dxZZadiLDzTaTuEhJyFH4A/MjyrJBu52tVTiqLaXG7eX2svR3Xsc6cWAegHXH5VJbDdXIyE90d8Hrzxj/Woy63he3u+fkaUQ3u6UcEAqHDTpRUlY89Cbg7olLDxl3QLkrIyQSeeKtVizx50eO6GkFSQMJUkHPr8apq2OAvpWFK4jgbnPSrZhPLl6dU2y4UPKTseVYdQrNHW0NTDfJYembY1Z22nYPFDUgFIS0SlGCQSOH3eY8qmlrvVyZfAEht7PPvUgdMcwK5aVqW92x5TXtb6UJONlHlTxZu0W+iWkNP97vwhCkcz9M0KlL5kaJa2jPyzhn2L01WbjcYqoplpDZSEJ/D4ykg54knY5+Oap3WkedapceJdJ5uBcTxJQ4gJCfQgc6trS9wm3KL7VNYSgEZSBtmq47YXQ5Ohu4RhCvFjngDNKjK87BWcVStFWHKNfWtN6Wix0kcfBxcOep3x/wA8qp67XWbqa/MtK9+Q8ltIPqcZH/Odar9eXpiQ2VH8PwpOOW3Opv2DWqBdtdNLubbRYbbK0tuKxxKByPpzrZSoqHme5zp1fiyUFsWRcYc46URb4UxsWq3R1JfaSAClaQfw8AcgRioO2xJCYT1zSlMGR3LrbXGVcLu2By645ct6sbWpt1u0jeHbcsJubnD7UhBIPCXMLGPPJI23BNQG8QHYMRk3h3hDDqVwnCsZAUodMbkHFLlds9TSjGKaWEsZVn7+ueexZFl/6fb0epqXLdt/tj3GtpKioI4V4OEkYHXp+lKe0ZbDc+M3Et6G2lspPtK0HvFYwQjJ3SBlJxT3pNy5t6ftKu5ioZEkrdfASpCmcKV3nPbPM1DNSPuSIntj7j0h2XOed71QwhtIASltIPkACfpmtNC3VG6Of4hKUoVLSeG/vX3aXZcLlsbULrehdN7blb0LrpnnEheldbUqpEldbkrqRqQqCqyBpOlVZhVA1I3Zp+0Lvqy3f21H/Iqo7mpP2co7zVkU/uIWr/KR/Gon8rLTxBlNfbYVnXFiT5QD/wD6Guc6v77ZsgOdpcFnO7VvQfqtZqgawnMPUnCgRzr6NWuT97dlFnmpOeOFHdz/AHU5/jXzkrvb7OlyTfuwm2NZ4nYrb0JweRSo8I/wlFWg7STFV4ddOUe6ZkTWCjWRrUs10zycUYKNaFmtizWhw1A6KNLppI6qt7qqRuqqrNEUJnlc6QvKpS8qkLyqqx8UJZLgQlSlHZIyaeUafVarRKiXh9Ee3zEB0ltYTwuY3B+oHrim22xlTbvDjJ4cLdTxcQyAkbn9Pzp1u1kjLtMeHfpeZETjbYbDx4XEgZTt1OCM9enKsGrd2lY9b9n4KEZ1HK17LCu+917NIaLVJCVy7faIDbrsEhyMri2KSc8WT9PXenibaZ9wjR5cuQylzuVsSUoG2Ccbeufp0pqhXSbcWosuzW9phzduS6sDDYSd09CQMfnUlVaEurmiVKPskwIX4FcH4gwD8jttWNK6wegnJU35rRbvf7z7SXbu0cq6zsarHchGcJKVJ4079Mmo2lSgvyPKul9aabZv9keZLaTJQQWl8iD8a52uFvfgXJ6I+3wvt5yAc8vLz5VbTVviRs90ea1mndGV1sxTblICz4khSTyI5iptA1CW4aGsjYZz/Cq2aUePAJG+1OTSz3aQVHfpz35UypSU9xdGu6exIrh/LZalE7YySOv0qxdBaehQZTEiQEuOnx4O+Pz/AOYqqYEpDSQteCCCCSrATy2+makcXVbsZCV8RCtwD5elJnCVulGinVh1dUjoG6ait0SEoJWlKkpISByFULr69LnzkgqJTwnKMkFOx2z8qanNQSZDi+JRw7jbnjemVTy3pBUsAZwMrJI/5j9Kijp+h3ZOo1XXHpiYMkuLbWCeLhzvv57fDarr7BLCxOnvMyUuNPk98iSknwEY4QnyzknPXbyquND6cd1Jqa2WtlSgy88G1qScFKOalD1xnHlmulrlAcjQrSysOwJUyStMZxgBDbQbHChJKenAOXWnVNjX4PSvUc72drJ9nZ5tykk7jR20S4rtqi8cdIucy4FptQBCwyjICjnzUkc/M1A9fxHZGm7PNuwcTPbdRH7lJAz4t8DJ3IFWj2pOGVbYkBAD13jMBSe4RlPGPEfhkYqp9YR3JpsMxyS8qVJcyhtWwbUE5AAJ88Uie7O9p1/SinjOL5xxbsmv0LBmqZctmnYEa7yFsLaBUgrAZQ0CkFRA5nKgACTRq1xxditbjjBjJ9pkBtlRyrhJGFH44JrShDbntMh9huNGZaKStndXEkoWlCcDcqWQfkPOtusxxWx2TJC/aHLhlpKlEllsspJQegOVZ28hTaGKisZvEl16dp+r47+mOc/7I025ShDlNjblKW3K6h5dDkhyt6V02ocpQhypGxF6V1sSqkSF1tSupGoVhVTjsna477JdI2bYI+pH+lQAKq0eyFkJg3KWrZJWlvJ9Bk/9wqlR2iyKztTZyZ9qmemd203hCFcSYrbEfPqG0qP5qNVHUh7Qrqb5rrUFzKuISpzzqf7JWeEfTFR6shzQrrD7Ed7BhajsS1e64iY2n4jgV/2ork+rU+zTqcaZ7WrSp5fDEuGYL3kOP3D/AIwn5ZoA6svMcxLnKYIxwrOPgdx+RpuUalevovdzGJSR4XU8JPqP9v0qIrNdKEuqKZ5ivS+HVlEwWaTuGtizSZxVSTFGl00jeVW91VI3lVVj4oTPK50heVSl5XOkLyqqx8UKLPbJd0lSkw3mmlojkIK+rhWlScf4Dk0s1I9aobzt7z7ZdGAgvMqdClNZBzgY2xufLbpWmxQ1LYTPVMS02xL4nEcXDhvgKCc9M5PyzSKZNsdrlstW2KmXHuGW1uJ8e5Jwnfnnfb0ya5Vd3m2e78Lj8PTQgrvF7JW3y037JCm3LmPXciIwzDssocRUpIBdUpO5AHIkDr+fKnCBZI6IrES6SO8fiFSo7SHcJWjmMJ+eD+tRkR7lcGZdvnOR4bCk5isJIJHCrKSSOmwz8uXWV6Wt9vuN7jPlaZFzYSnv8uFXDgEZxyG9LUep2Nkq/wAKDala3/lX2WG363aZsdYMd+S2EcJQ4pPD5DO35Yqk+1TSr0ee9dmshKkgkIGOAjYknkBuBXWF50wm5tJkRFBqYkAHPuuAdD5HyNQS7dxEkewXhn2Z48kSE4S56oVyV8j8cVmnTnpqjkldHLVSGrp9DeTjcDhWAnrSpfECFgctvOujLp2dWK5NK7hhtpZyQtJIAOarzUfZtOtyH344DsRvfiBwo/LrWunqYTxsYKujqU87lcMq8P4ZUj9vOcjI9PrXsdSnVqBJIHi54OepqRQNNzJoKWWnVBIJJKMAnlzp9s3ZzdrhcAhDAYxkFTiSMnHQdfjTXOMd2IjTnLZERSEJeJSSnKRgjmCBz/SlNhtlwvEptiHGU66TwJQgefQfHAq6NJdi8u6XA+1IUtpCcFafCnPnk5HPbAzXQGhuzq1aWaQ62025O2y7wbD4Dz9f05VVT6vlLSp9Hz/gVHors+jaZmQrfJuamdQORVuJWggFvj2Tw8icYVnz35bVMbhBvE7TcG3xrgZjh751qUhrxNqSglKSc4zzT8qkHazGZhwYV7ctypqoLn4nAnKkNnmr4A71X9vv9uZaLNrvz0B2I6t8odZIBaUQo+FQGQMnlviqzw2mej8Pk50IfD47q6Tzyk3ysfqK4N7kxbB7Df2h9+OuhDeB4ljIAKh0AyciqOub7191oGWH3JjLKlqSpvwhJ5nB25Y59cVfd3tH3peJ0p+dHWHuBbCyhKipJRwqHmNhtg9AfMHn53TsuNqGRDtCwtp5bimnSojkSFpJ6FOcH0IPWlST2Z0IShvS3dm+yb4XZL+di6LDDMiHGEZxxMhTanU99gqaQ4ttIdUTsCEpVjrtTTr6XxNw2mHGhGU446GgQpfErCitah1UFjboAKmdocRKs8adGH4agl1tLgISVhKzl1XVKMjYdU0kuNost6YZgj7yExwqcbUWQOAqJPEpZT4OQ8JPIDYcwyk1GSbM2shOrTlTitvy7/z3zuVahzlW9tyi+WibYbgqHcG+FwbpUPdWPMUlQ5XSTvlHmbNOzHJtylCHPWmxDlKEOVYYhyQ5W5C6bkOVvQ5U3GoXpXVpXKanR/Ydc7ks8DiILj2T1cc2QPqpIqsrDDcut3hwWs8T7oQfQdT8hk0t+2Tf02zQtq07GVwGc+FrSP8A4mhsPhxFP+Gk1niwjVSwonHKlFSionJJyTWNFFIMQVtjPuRpLT7Kil1pQWlQ6EHINaqKAPovpy8Ma+7LLbeIxC3Xo6XFAc0PJ2Wn6hQqILNV39jHWiW5Fx0hNdx3uZkMKPNQGHEj1xhXyNWxq+3/AHbeHUIThl38Rv4HmPka1aef3TmeIUb2qIY3FUmcVWbiqSuqrQYIo1OqpG6qtrqqRPLqrHxRpeVSJ1VbnlUgddTxFIUCryG5+lVbHxQ9w2YEi0ts3DiAeYALZUUpX4ioKBH7XiIpgu0hyIiRboMBkhtPfRFD3Rvvkn9obfHNaLNDvjr5jvt91bnFnaSgqzk/sp5/wqf2XQMcoKhKff8ANlw+FB/X5ZrmOPU2z18dQqMIxburLHBWceNPujcZ6TJWuZFdUHCgYHCTukEY5jrVwdl9gZgIflNxQwXyCPNQ3Ofhk/lTnI09FixQl7mBshAx/wCKe9NqQlKGUoDbaRhI8qbCmou5lr62dWHQsLt+ZKYqcJFZT7ZCusVUa5RGZTCubbyAoH61mwOVK2xVmYEVzL7LIUZ8vaenTYIUd4q1d8x8go8SfkrHpXsfQN2cWEypcDuc7gIUon+FWUj3hW2s8tPTk7tGiOrqwVkyHQtBwWE/iOZOckNthAz+Zp9i2G3RsFMVtSh1X4j+dOlFWjShHZCpV6k92eJSlIASAANgAK9oopgo1SEcacVHLvpy3XDvW5kNl0YwFcOFAHpxDepK77tJFFRyfM1ZZG05yjlMp+6dn8OHLYfjKc4Yww0hxSjwpwdsgjPPrk423qtzFj2TUjEa4RnA3IkLUxKTkoAUDlGRuOu2xNdFajXwRXCoAjB3Iqp0ht+d3D6A4EOJeb2BIUk5GM9aROnFPCO/pdbXlHzSbQ82B1f3HIYjNMPTouUMx0+IhWCrhI2A8Shnn7pp1uLnEXWva25LClEu21lnLj4zglKlkeWSBuCDjfnGdKtuHUKGWXHG2534Y7nOEAHiUvjwMqVxLAI23GDsKmTkseIKuc/hA7xaUQ8OI8nUnqOXEN875GM0qOUdDULoq4zzzz9HyntZ32ZHZ9piXSydwpllNpCiWipLjk6OrqEg77H9nfYHnVT3e3PWuWULJcjqUe5kBBSl0DngHcEdUncfQ1ckiM25ObuISsXFzZm8vY9mIxsUoUs4JG2EjmSdt61mGxc4NxRfYImLJyuTxLS24sDwloE5Ttjcbbnc706lUcHbj+fz9zJrNPGrHrT83++e/vdPvFblKocrehyp3L7N3HZs+JAX3T7CeNhTiypp4HkCTkpP1x5VApsWTbpbkWa0pl9HvIUPofUetbITUtjkzpum7MUocpQhymxDlKo/G86htpCluLUEpQncqJOABVwRbnYjalSLjLurifwo6e5bUeq1c8fAY/xVzN9pfVx1Z2pXDuVhUG2j2GPjkeEnjV81lXyArqnW95b7J+xl95JQbiGu6ZH70lzr6hO5+Ca4DdcW66txxRUtZKlKJyST1rNOXU7mCrPrk2YUUUVUWFFFFADtpS+y9M6jt95t6uGTDeS6jfAOOYPoRkfOvoKuZC7QNBQb5ZvxA60H2h+0D+02fUEEfEV85K6O+yN2kfc95XpC6ugQbgvjhrUf5p/qn4K/UDzqYtxd0VnBTi4ssZ1VIn3UoGVKAHrVhau0gTdlympHcQXvEQ2gFYX1AzsAefKm5ixxIYDjEdx14cluq4j/AM9BitTrK2DBT0Ur+Z2REY1suE5JVGiOFPmvwZ+u9bkaRvUgAtNRxnmVOnb4+GrEtbkgtH8RBB5AIGB6YxWi5oeKULWctZwUgYAPwpbqSZsjpaaIc1oGS1E72ee8dG5SlXCgj023+tPFqgN2xxllTSfZXB0QElB+VS6M0tUJJaUUnG+KbLjEkvIILmSOWEgVRps0RSjhI1SUNMkeyR2lJHNShz+FaO8kNZcZSlHFzKQc1us7nCpUeQMKT0NPbMNJKm8bHcUJE3GJoF4b7k86VRGy0vH0ramMWJikkbdKXuR9gRUkNjja5YcSEO++OR86d0cs9KjrbSgcpyPUUqE15j30FQ8xVWiB5BwofGt1MLN1DrgDS2177oUeFQ/1p+BB5VVkMKKKKggKKKByoAwWCrak6hleByFKlnhSTSdI2J86siyI9qtGbc6f6pqm2ATeeZ4evwq7NSI4rVI9EmqZCCietQqk90dXRy/pscYCGTrGE9JWjjKgX+83BSQUgqJV1UDjnsPnUwdmucaWGL6mFJRjumpLXJRyShRz4kKAyDzGDucYEFub6o7kKYw2lx+MsOhgLSFyFghLYxnPCCVHJ652qeKdDzTrcR2NOihRQqM8PGhOc5BzvwkhQ64JxyFZ44bR2tR5owqPa1uMW901zza6xfcbQ/FmiR7G1NvaQCZcB5R7tAPVsKQArfGB5etboUJTVhcV7RxMuKHcx+Ep7hJVsg8RKuLfByfkKUXM3RwpTMusK3XBhHeN9wpSkyW+vEk8+XTcVttXsD9mZdtsRbDb76CsuNqSXTxA8WVbqHPB8qslkz1J2ppx2uvX87JezSvuma4stQ1FIbAzxKAA9eEYrdrzRUfVUNTDJS1cYLKUsvdCrnwK9MfTOaaOMo1JJUDyc/QCrLtyQlhK8gqd/EUrzJ/5j5U2DZg8QXw1BrsjkCbGkW6c9DmtLZksrKHG1jBSas7sM00q5XhV5kp/kcI4ayPfd/0SN/iR5VYnaV2fRtXR0SIy0Rbs1gIfIylaf3VjqPI8x8M1Fu1/VULsg7LW7dZ3Qi6yGzGhZwVlZHjeI9M58skCnud0c6Va8LLcoX7WGvjqbWgsMF0G12YlCuE7OSD75+WyR8FedUTWbri3XFOOKUtaiVKUo5JJ6msKUZgooooAKKKKACs2XFsuodaWpDiCFJUk4KSORB86wooA727A+0eN2k6N9iujqTfoSA3KQdlODHheHx6+RB6EVNHYSoyyhYzjr5ivnroTVlz0VqWJerM7wSGDhSFe66g+8hQ6gj/XpX0G0Hq209omlI92tTiSVDheZJ8bDmN0K/5uMGpTsBqWwmJJS+kYZdISrySrofnSyZDD8F5GNyk49DShcUPNvRX9gpJSfTyNFkccft4TI/n2yWnP7STg1csJdPnvYSOIb43+PWtklru3xt4axsw7qTJY/ccJHwNOMxviGcUA9yN3e34dEhnZWKcLQ93zKFH30bGlbiQvDeM5pDEaMa4rb/YcH50ALbjFBCXUjfrWbbYWx60tQkOsFB8q0Mp4PCaLkGhnYYPSl6UJUjcCk7jW/EK3Njwb5oYDLdorIkoLjeEn9tI3FShgDuUYORwjemF19CpJaWeJPrUgbACEgcgKqwZ7RXgr2qkAo4FeJ5Vg6cYFZp90UAa3ztivQnCK8X4nEjyrNfu1JI03NvvYEhHmMVUdxi+zzFDHM1c608TLg86rbVUYIkAgb5qZK5s0tTpwRq5syRDbeh8fGgkrQ242yFAYwVqUkk8zjfp9ZJZ5kGVp2EmVAc9pbZwFoCVuFbOCE5HhUFIP0yKZLs2pNodeaR3qwUgM8+8V4ktp8sFa0/T0pBoy4Gx3Vy3sNRJTjjoVGZS33OX0bK4SPCduIbb8hWST6ZnpqUPjaZNbrbi9t7u9rLfPBLJP3IppLdvtr7qXld5Cc71aS2+nm0CrdHIYA2I2qTcUx+PbxcmWo8lbuVNtr4wkBKiN8DflTXLlXiY40wmM3GbnkOxjIb4/Z3U+IpOPRJIOOfpTy93rcyImS6l1xlhxxxwI4QT4RnGTjmaajl6mbainvl7uT277b4fquxDIvC7qCZ598rGf7RqyrUsqt0ZXUg/qaquGVJmIfOQVK4j896tKzFLdmjvySGkob4lFWwA3OT8qKYeLq0Y/zg2X+8QtP2SXdbq8GIUVsuOrPQDy8yeQHma+d/azruZ2g6xlXiUC1H/m4rBOe5aHIfHqT5mp/wDaU7XTra6/clheWNPQl5KwcCU6NuL+yN8fXyxRtMOAFFFFABRRRQAUUUUAFFFFABU47Je0W6dnWpG58BRdhOEJmRCfC8j+Chvg/wAMioPRQB9MdI6ks+t7BGvNikpeYcGPJTauqFjoR/uNjS2I33M+YjGOMpd+owf+2vnv2V9o147Or+ida3C5EcIEqGtX4b6f4KHQj9Miu8OzrXVi7QbIi52N8FwAJfjrwHWFfuqH6HkalMBWU9zqBQ6Otg/MGnV8eCkF4QWrhCdx+0UE/GnJ7+ZqxLG+OOJ5RPwrVObw+FjmmlcZOCT5mh9HGrFSBsjLyQRyO9ZvIwrIpNFPCeE9DS9Q4kVAGhPkaySnB9K8Iwa2DlQBHb00pi6RXW/6RQSfrUsHKmG+tEmE4P2ZCAfmafqqwewUUZoFQQaHj463D3flSeQcOprerZv5VJJg1uoms3DtXjI8NYuGjkDBAyhVQLVyPxz6VPkbINQbVYytZqw2k7MjJmJt/s8pa4raG3N1SZCm0J22ISkHiV5bbb1GtSxFW5hqSw+GYsZSG4riUh7vlpT3i3SBzAUcZGMYqXQg6th4MSVxlhOzraErUMkDZKhgnJFI7sh+4QFMOSnZlzZBipL0QxloDivG6UnwqwlJII223rLVje56nw2ooxX4Pf6Pay3s23s9hw0tLe1GwltdzfbiPKD+WH0ktu5yUgkZ4VblPlgjpUtuQKG7goKUe6ihsKUckk8X58qoywB2NcIz0SPHlIadK1IZGRJ5hKCkclZXk42yMiuh2QzFhPXC6lERpTaHXUyFJAYATuFKzjbffOKijLqWdzN4zSWmqRkn5Xxjuvrt/LjHpzTSULTMngBpAyhs/qqudftJdt/3uZGldHyVC3JJbmzGzjv+hbQR+x5nry5c0Xb/ANvbupEyNPaOdWzZ8lD81JKVyh+6nyR+Z9Bz52p6VjgV9ROvLqmFFFFSICiiigAooooAKKKKACiiigAooooAKe9H6pvGkL0zdbBMXFltnpulY6pUnkoHyNMlFAHdnZB25WHXzDVuvQatl+2HcuK/CfPm2o9f6p38s1cL7ZLRCd6+WaVFKgUkgjcEVfXZR9o296a7i36qS5ebSnCA6VfyhlPoo++B5Hf1oA7JQMCgJyqmfRetdOa5gGVp24syeEAuNA8LrWf3kHcfpUgLSknbcVa5IiWngdz50uRumksgbg0oZOwoAxWK9TWSxvWI50AaLg33kdPmlxCvooU40jkHDJ+Kf1FLBUMgDRRRUAJZP88it6/5qtEn+eT8K2qOUAVJJmjZArUs5radkVqO9CAOSDUH1T+1U3Xsg1Fr1bJVwVwRW85PvHYD51KGU3Zka0473U0EkBJ2JPTJA/XFOrdouc1UuJHuTrrQbLC/amfCklPvtrA5gKxj405RLDbrFAfm32WwGENnvlvKCGUJxvknp8apvtS+0vbbY05b9BtIny90ma6khhv+wnms/QfGqSVzVHWfCv0K79l+5Zl0l6N7JLS7c7o+21JcQACcKff4RgJQn/nqa5H7Y+2e99okgxUFVvsKFZbhNq3X5KcI94+nIfnUA1NqG7anuztyv05+bMc5uOqzgdAByAHkNqaaEksIyVa060nOo7sKKKKkWFFFFABRRRQAUUUUAFFFFABRRRQAUUUUAFFFFABRRRQAttN0nWee1NtUt+HLbOUOsrKFD5ir97PftPXu1d3F1hERd4owPaWsNvp+P7KvyPrXOtFAH0R0X2uaI1oENW+7sMzVf+1lnuXc+mdlf3SanyG04BQrKTyr5YgkcqmOl+03WWlykWbUE5lpPJpa+9b/AMK8igD6OrSfKtXXeuRdO/arv8ZKG79ZYE4DYux1KZUfUjxDPwxVi2X7Umj5fCm6QLpAUeau7S8gfMHP5VNwLvnq4YwP9dP6inAGq1gdtPZtdW0hOpYSM4PDJQtnB/vpFSONr/SEgAx9S2dzP7sxv/WoAk+aM0xJ1Vpw+JN8tm/X2tH+tandaaXYGXdQWlA9Zbf+tADxJ/nQfSs0nIFQy49rHZ/CyZOqrSSOjb3en6JzUPvP2k+z63hQhyJ1yUOQjRVJH1c4am4F0LBKcCsQg9TXLN++1jspNh03v0XMf/8AqkfxqqdV9vWvtRFaDd/u2Mr+gt6A0P8AFuv/ADVAHcWptVaf0vDVJ1BdocFoDYPOgKV6JTzUfQA1Q+u/tS2yI27H0ZbVzpGMJlSwW2k+vAPEr6prkmbMkzpCn5sh2Q8rm46sqUfmaT0ASvW/aDqbW0jvNQ3V6Q2FcSY6TwNI+CBt8+dRSiigAooooAKKKKACiiigAooooAKKKKACiiigAooooAKKKKACiiigAooooAKKKKACiiigAooooAK9yfOiigAoyfOiigAryiigAooooAKKKKACiiigAooooAKKKKACiiigAooooAKKKKAP/9k=
\.


--
-- Data for Name: verification_steps; Type: TABLE DATA; Schema: public; Owner: postgres
--

COPY public.verification_steps (id, capa_id, step, description, required, assigned_to_id, due_date, completed_date, completed, notes, created_at, updated_at) FROM stdin;
\.


--
-- Name: audit_logs_id_seq; Type: SEQUENCE SET; Schema: public; Owner: postgres
--

SELECT pg_catalog.setval('public.audit_logs_id_seq', 13, true);


--
-- Name: capa_actions_id_seq; Type: SEQUENCE SET; Schema: public; Owner: postgres
--

SELECT pg_catalog.setval('public.capa_actions_id_seq', 44, true);


--
-- Name: capa_progress_tracking_id_seq; Type: SEQUENCE SET; Schema: public; Owner: postgres
--

SELECT pg_catalog.setval('public.capa_progress_tracking_id_seq', 1, false);


--
-- Name: capas_id_seq; Type: SEQUENCE SET; Schema: public; Owner: postgres
--

SELECT pg_catalog.setval('public.capas_id_seq', 280, true);


--
-- Name: corrective_actions_id_seq; Type: SEQUENCE SET; Schema: public; Owner: postgres
--

SELECT pg_catalog.setval('public.corrective_actions_id_seq', 1, false);


--
-- Name: departments_id_seq; Type: SEQUENCE SET; Schema: public; Owner: postgres
--

SELECT pg_catalog.setval('public.departments_id_seq', 21, true);


--
-- Name: evaluation_categories_id_seq; Type: SEQUENCE SET; Schema: public; Owner: postgres
--

SELECT pg_catalog.setval('public.evaluation_categories_id_seq', 17, true);


--
-- Name: evaluation_comment_templates_id_seq; Type: SEQUENCE SET; Schema: public; Owner: postgres
--

SELECT pg_catalog.setval('public.evaluation_comment_templates_id_seq', 1, false);


--
-- Name: evaluation_items_id_seq; Type: SEQUENCE SET; Schema: public; Owner: postgres
--

SELECT pg_catalog.setval('public.evaluation_items_id_seq', 70, true);


--
-- Name: evaluation_results_id_seq; Type: SEQUENCE SET; Schema: public; Owner: postgres
--

SELECT pg_catalog.setval('public.evaluation_results_id_seq', 304, true);


--
-- Name: notifications_id_seq; Type: SEQUENCE SET; Schema: public; Owner: postgres
--

SELECT pg_catalog.setval('public.notifications_id_seq', 115, true);


--
-- Name: objective_options_id_seq; Type: SEQUENCE SET; Schema: public; Owner: postgres
--

SELECT pg_catalog.setval('public.objective_options_id_seq', 4, true);


--
-- Name: preventive_actions_id_seq; Type: SEQUENCE SET; Schema: public; Owner: postgres
--

SELECT pg_catalog.setval('public.preventive_actions_id_seq', 1, false);


--
-- Name: round_types_id_seq; Type: SEQUENCE SET; Schema: public; Owner: postgres
--

SELECT pg_catalog.setval('public.round_types_id_seq', 7, true);


--
-- Name: rounds_id_seq; Type: SEQUENCE SET; Schema: public; Owner: postgres
--

SELECT pg_catalog.setval('public.rounds_id_seq', 85, true);


--
-- Name: user_notification_settings_id_seq; Type: SEQUENCE SET; Schema: public; Owner: postgres
--

SELECT pg_catalog.setval('public.user_notification_settings_id_seq', 9, true);


--
-- Name: users_id_seq; Type: SEQUENCE SET; Schema: public; Owner: postgres
--

SELECT pg_catalog.setval('public.users_id_seq', 56, true);


--
-- Name: verification_steps_id_seq; Type: SEQUENCE SET; Schema: public; Owner: postgres
--

SELECT pg_catalog.setval('public.verification_steps_id_seq', 1, false);


--
-- Name: audit_logs audit_logs_pkey; Type: CONSTRAINT; Schema: public; Owner: postgres
--

ALTER TABLE ONLY public.audit_logs
    ADD CONSTRAINT audit_logs_pkey PRIMARY KEY (id);


--
-- Name: capa_actions capa_actions_pkey; Type: CONSTRAINT; Schema: public; Owner: postgres
--

ALTER TABLE ONLY public.capa_actions
    ADD CONSTRAINT capa_actions_pkey PRIMARY KEY (id);


--
-- Name: capa_progress_tracking capa_progress_tracking_pkey; Type: CONSTRAINT; Schema: public; Owner: postgres
--

ALTER TABLE ONLY public.capa_progress_tracking
    ADD CONSTRAINT capa_progress_tracking_pkey PRIMARY KEY (id);


--
-- Name: capas capas_pkey; Type: CONSTRAINT; Schema: public; Owner: postgres
--

ALTER TABLE ONLY public.capas
    ADD CONSTRAINT capas_pkey PRIMARY KEY (id);


--
-- Name: corrective_actions corrective_actions_pkey; Type: CONSTRAINT; Schema: public; Owner: postgres
--

ALTER TABLE ONLY public.corrective_actions
    ADD CONSTRAINT corrective_actions_pkey PRIMARY KEY (id);


--
-- Name: departments departments_code_key; Type: CONSTRAINT; Schema: public; Owner: postgres
--

ALTER TABLE ONLY public.departments
    ADD CONSTRAINT departments_code_key UNIQUE (code);


--
-- Name: departments departments_pkey; Type: CONSTRAINT; Schema: public; Owner: postgres
--

ALTER TABLE ONLY public.departments
    ADD CONSTRAINT departments_pkey PRIMARY KEY (id);


--
-- Name: evaluation_categories evaluation_categories_pkey; Type: CONSTRAINT; Schema: public; Owner: postgres
--

ALTER TABLE ONLY public.evaluation_categories
    ADD CONSTRAINT evaluation_categories_pkey PRIMARY KEY (id);


--
-- Name: evaluation_comment_templates evaluation_comment_templates_pkey; Type: CONSTRAINT; Schema: public; Owner: postgres
--

ALTER TABLE ONLY public.evaluation_comment_templates
    ADD CONSTRAINT evaluation_comment_templates_pkey PRIMARY KEY (id);


--
-- Name: evaluation_items evaluation_items_code_key; Type: CONSTRAINT; Schema: public; Owner: postgres
--

ALTER TABLE ONLY public.evaluation_items
    ADD CONSTRAINT evaluation_items_code_key UNIQUE (code);


--
-- Name: evaluation_items evaluation_items_pkey; Type: CONSTRAINT; Schema: public; Owner: postgres
--

ALTER TABLE ONLY public.evaluation_items
    ADD CONSTRAINT evaluation_items_pkey PRIMARY KEY (id);


--
-- Name: evaluation_results evaluation_results_pkey; Type: CONSTRAINT; Schema: public; Owner: postgres
--

ALTER TABLE ONLY public.evaluation_results
    ADD CONSTRAINT evaluation_results_pkey PRIMARY KEY (id);


--
-- Name: notifications notifications_pkey; Type: CONSTRAINT; Schema: public; Owner: postgres
--

ALTER TABLE ONLY public.notifications
    ADD CONSTRAINT notifications_pkey PRIMARY KEY (id);


--
-- Name: objective_options objective_options_pkey; Type: CONSTRAINT; Schema: public; Owner: postgres
--

ALTER TABLE ONLY public.objective_options
    ADD CONSTRAINT objective_options_pkey PRIMARY KEY (id);


--
-- Name: preventive_actions preventive_actions_pkey; Type: CONSTRAINT; Schema: public; Owner: postgres
--

ALTER TABLE ONLY public.preventive_actions
    ADD CONSTRAINT preventive_actions_pkey PRIMARY KEY (id);


--
-- Name: round_types round_types_pkey; Type: CONSTRAINT; Schema: public; Owner: postgres
--

ALTER TABLE ONLY public.round_types
    ADD CONSTRAINT round_types_pkey PRIMARY KEY (id);


--
-- Name: rounds rounds_pkey; Type: CONSTRAINT; Schema: public; Owner: postgres
--

ALTER TABLE ONLY public.rounds
    ADD CONSTRAINT rounds_pkey PRIMARY KEY (id);


--
-- Name: rounds rounds_round_code_key; Type: CONSTRAINT; Schema: public; Owner: postgres
--

ALTER TABLE ONLY public.rounds
    ADD CONSTRAINT rounds_round_code_key UNIQUE (round_code);


--
-- Name: user_notification_settings user_notification_settings_pkey; Type: CONSTRAINT; Schema: public; Owner: postgres
--

ALTER TABLE ONLY public.user_notification_settings
    ADD CONSTRAINT user_notification_settings_pkey PRIMARY KEY (id);


--
-- Name: user_notification_settings user_notification_settings_user_id_key; Type: CONSTRAINT; Schema: public; Owner: postgres
--

ALTER TABLE ONLY public.user_notification_settings
    ADD CONSTRAINT user_notification_settings_user_id_key UNIQUE (user_id);


--
-- Name: users users_email_key; Type: CONSTRAINT; Schema: public; Owner: postgres
--

ALTER TABLE ONLY public.users
    ADD CONSTRAINT users_email_key UNIQUE (email);


--
-- Name: users users_pkey; Type: CONSTRAINT; Schema: public; Owner: postgres
--

ALTER TABLE ONLY public.users
    ADD CONSTRAINT users_pkey PRIMARY KEY (id);


--
-- Name: users users_username_key; Type: CONSTRAINT; Schema: public; Owner: postgres
--

ALTER TABLE ONLY public.users
    ADD CONSTRAINT users_username_key UNIQUE (username);


--
-- Name: verification_steps verification_steps_pkey; Type: CONSTRAINT; Schema: public; Owner: postgres
--

ALTER TABLE ONLY public.verification_steps
    ADD CONSTRAINT verification_steps_pkey PRIMARY KEY (id);


--
-- Name: idx_capa_actions_action_type; Type: INDEX; Schema: public; Owner: postgres
--

CREATE INDEX idx_capa_actions_action_type ON public.capa_actions USING btree (action_type);


--
-- Name: idx_capa_actions_assigned_to_id; Type: INDEX; Schema: public; Owner: postgres
--

CREATE INDEX idx_capa_actions_assigned_to_id ON public.capa_actions USING btree (assigned_to_id);


--
-- Name: idx_capa_actions_capa_id; Type: INDEX; Schema: public; Owner: postgres
--

CREATE INDEX idx_capa_actions_capa_id ON public.capa_actions USING btree (capa_id);


--
-- Name: idx_capa_actions_completed_at; Type: INDEX; Schema: public; Owner: postgres
--

CREATE INDEX idx_capa_actions_completed_at ON public.capa_actions USING btree (completed_at);


--
-- Name: idx_capa_actions_due_date; Type: INDEX; Schema: public; Owner: postgres
--

CREATE INDEX idx_capa_actions_due_date ON public.capa_actions USING btree (due_date);


--
-- Name: idx_capa_actions_overdue; Type: INDEX; Schema: public; Owner: postgres
--

CREATE INDEX idx_capa_actions_overdue ON public.capa_actions USING btree (due_date, status) WHERE ((status)::text <> ALL ((ARRAY['completed'::character varying, 'cancelled'::character varying])::text[]));


--
-- Name: idx_capa_actions_status; Type: INDEX; Schema: public; Owner: postgres
--

CREATE INDEX idx_capa_actions_status ON public.capa_actions USING btree (status);


--
-- Name: idx_capa_actions_type_status; Type: INDEX; Schema: public; Owner: postgres
--

CREATE INDEX idx_capa_actions_type_status ON public.capa_actions USING btree (action_type, status);


--
-- Name: idx_capa_progress_tracking_capa_id; Type: INDEX; Schema: public; Owner: postgres
--

CREATE INDEX idx_capa_progress_tracking_capa_id ON public.capa_progress_tracking USING btree (capa_id);


--
-- Name: idx_capa_progress_tracking_updated_by; Type: INDEX; Schema: public; Owner: postgres
--

CREATE INDEX idx_capa_progress_tracking_updated_by ON public.capa_progress_tracking USING btree (updated_by_id);


--
-- Name: idx_capas_assigned_to_id; Type: INDEX; Schema: public; Owner: postgres
--

CREATE INDEX idx_capas_assigned_to_id ON public.capas USING btree (assigned_to_id);


--
-- Name: idx_capas_department; Type: INDEX; Schema: public; Owner: postgres
--

CREATE INDEX idx_capas_department ON public.capas USING btree (department);


--
-- Name: idx_capas_evaluation_item_id; Type: INDEX; Schema: public; Owner: postgres
--

CREATE INDEX idx_capas_evaluation_item_id ON public.capas USING btree (evaluation_item_id);


--
-- Name: idx_capas_status; Type: INDEX; Schema: public; Owner: postgres
--

CREATE INDEX idx_capas_status ON public.capas USING btree (status);


--
-- Name: idx_corrective_actions_assigned_to; Type: INDEX; Schema: public; Owner: postgres
--

CREATE INDEX idx_corrective_actions_assigned_to ON public.corrective_actions USING btree (assigned_to_id);


--
-- Name: idx_corrective_actions_capa_id; Type: INDEX; Schema: public; Owner: postgres
--

CREATE INDEX idx_corrective_actions_capa_id ON public.corrective_actions USING btree (capa_id);


--
-- Name: idx_corrective_actions_due_date; Type: INDEX; Schema: public; Owner: postgres
--

CREATE INDEX idx_corrective_actions_due_date ON public.corrective_actions USING btree (due_date);


--
-- Name: idx_departments_code; Type: INDEX; Schema: public; Owner: postgres
--

CREATE INDEX idx_departments_code ON public.departments USING btree (code);


--
-- Name: idx_evaluation_items_category; Type: INDEX; Schema: public; Owner: postgres
--

CREATE INDEX idx_evaluation_items_category ON public.evaluation_items USING btree (category_id);


--
-- Name: idx_evaluation_items_code; Type: INDEX; Schema: public; Owner: postgres
--

CREATE INDEX idx_evaluation_items_code ON public.evaluation_items USING btree (code);


--
-- Name: idx_evaluation_results_round; Type: INDEX; Schema: public; Owner: postgres
--

CREATE INDEX idx_evaluation_results_round ON public.evaluation_results USING btree (round_id);


--
-- Name: idx_notification_settings_user_id; Type: INDEX; Schema: public; Owner: postgres
--

CREATE INDEX idx_notification_settings_user_id ON public.user_notification_settings USING btree (user_id);


--
-- Name: idx_notifications_created_at; Type: INDEX; Schema: public; Owner: postgres
--

CREATE INDEX idx_notifications_created_at ON public.notifications USING btree (created_at);


--
-- Name: idx_notifications_status; Type: INDEX; Schema: public; Owner: postgres
--

CREATE INDEX idx_notifications_status ON public.notifications USING btree (status);


--
-- Name: idx_notifications_type; Type: INDEX; Schema: public; Owner: postgres
--

CREATE INDEX idx_notifications_type ON public.notifications USING btree (notification_type);


--
-- Name: idx_notifications_user_id; Type: INDEX; Schema: public; Owner: postgres
--

CREATE INDEX idx_notifications_user_id ON public.notifications USING btree (user_id);


--
-- Name: idx_preventive_actions_assigned_to; Type: INDEX; Schema: public; Owner: postgres
--

CREATE INDEX idx_preventive_actions_assigned_to ON public.preventive_actions USING btree (assigned_to_id);


--
-- Name: idx_preventive_actions_capa_id; Type: INDEX; Schema: public; Owner: postgres
--

CREATE INDEX idx_preventive_actions_capa_id ON public.preventive_actions USING btree (capa_id);


--
-- Name: idx_preventive_actions_due_date; Type: INDEX; Schema: public; Owner: postgres
--

CREATE INDEX idx_preventive_actions_due_date ON public.preventive_actions USING btree (due_date);


--
-- Name: idx_rounds_code; Type: INDEX; Schema: public; Owner: postgres
--

CREATE INDEX idx_rounds_code ON public.rounds USING btree (round_code);


--
-- Name: idx_rounds_department; Type: INDEX; Schema: public; Owner: postgres
--

CREATE INDEX idx_rounds_department ON public.rounds USING btree (department);


--
-- Name: idx_rounds_status; Type: INDEX; Schema: public; Owner: postgres
--

CREATE INDEX idx_rounds_status ON public.rounds USING btree (status);


--
-- Name: idx_users_email; Type: INDEX; Schema: public; Owner: postgres
--

CREATE INDEX idx_users_email ON public.users USING btree (email);


--
-- Name: idx_users_role; Type: INDEX; Schema: public; Owner: postgres
--

CREATE INDEX idx_users_role ON public.users USING btree (role);


--
-- Name: idx_users_username; Type: INDEX; Schema: public; Owner: postgres
--

CREATE INDEX idx_users_username ON public.users USING btree (username);


--
-- Name: idx_verification_steps_assigned_to; Type: INDEX; Schema: public; Owner: postgres
--

CREATE INDEX idx_verification_steps_assigned_to ON public.verification_steps USING btree (assigned_to_id);


--
-- Name: idx_verification_steps_capa_id; Type: INDEX; Schema: public; Owner: postgres
--

CREATE INDEX idx_verification_steps_capa_id ON public.verification_steps USING btree (capa_id);


--
-- Name: ix_audit_logs_id; Type: INDEX; Schema: public; Owner: postgres
--

CREATE INDEX ix_audit_logs_id ON public.audit_logs USING btree (id);


--
-- Name: ix_capa_closed_at; Type: INDEX; Schema: public; Owner: postgres
--

CREATE INDEX ix_capa_closed_at ON public.capas USING btree (closed_at);


--
-- Name: ix_capa_corrective_actions_gin; Type: INDEX; Schema: public; Owner: postgres
--

CREATE INDEX ix_capa_corrective_actions_gin ON public.capas USING gin (corrective_actions);


--
-- Name: ix_capa_department_status_severity; Type: INDEX; Schema: public; Owner: postgres
--

CREATE INDEX ix_capa_department_status_severity ON public.capas USING btree (department, verification_status, severity);


--
-- Name: ix_capa_escalation_level; Type: INDEX; Schema: public; Owner: postgres
--

CREATE INDEX ix_capa_escalation_level ON public.capas USING btree (escalation_level);


--
-- Name: ix_capa_preventive_actions_gin; Type: INDEX; Schema: public; Owner: postgres
--

CREATE INDEX ix_capa_preventive_actions_gin ON public.capas USING gin (preventive_actions);


--
-- Name: ix_capa_status_history_gin; Type: INDEX; Schema: public; Owner: postgres
--

CREATE INDEX ix_capa_status_history_gin ON public.capas USING gin (status_history);


--
-- Name: ix_capa_verification_steps_gin; Type: INDEX; Schema: public; Owner: postgres
--

CREATE INDEX ix_capa_verification_steps_gin ON public.capas USING gin (verification_steps);


--
-- Name: ix_evaluation_comment_templates_category_id; Type: INDEX; Schema: public; Owner: postgres
--

CREATE INDEX ix_evaluation_comment_templates_category_id ON public.evaluation_comment_templates USING btree (category_id);


--
-- Name: ix_evaluation_comment_templates_evaluation_item_id; Type: INDEX; Schema: public; Owner: postgres
--

CREATE INDEX ix_evaluation_comment_templates_evaluation_item_id ON public.evaluation_comment_templates USING btree (evaluation_item_id);


--
-- Name: ix_evaluation_comment_templates_id; Type: INDEX; Schema: public; Owner: postgres
--

CREATE INDEX ix_evaluation_comment_templates_id ON public.evaluation_comment_templates USING btree (id);


--
-- Name: ix_objective_options_id; Type: INDEX; Schema: public; Owner: postgres
--

CREATE INDEX ix_objective_options_id ON public.objective_options USING btree (id);


--
-- Name: ix_round_types_id; Type: INDEX; Schema: public; Owner: postgres
--

CREATE INDEX ix_round_types_id ON public.round_types USING btree (id);


--
-- Name: capas capa_status_history_trigger; Type: TRIGGER; Schema: public; Owner: postgres
--

CREATE TRIGGER capa_status_history_trigger BEFORE UPDATE ON public.capas FOR EACH ROW EXECUTE FUNCTION public.update_capa_status_history();


--
-- Name: capa_actions update_capa_actions_updated_at; Type: TRIGGER; Schema: public; Owner: postgres
--

CREATE TRIGGER update_capa_actions_updated_at BEFORE UPDATE ON public.capa_actions FOR EACH ROW EXECUTE FUNCTION public.update_updated_at_column();


--
-- Name: corrective_actions update_corrective_actions_updated_at; Type: TRIGGER; Schema: public; Owner: postgres
--

CREATE TRIGGER update_corrective_actions_updated_at BEFORE UPDATE ON public.corrective_actions FOR EACH ROW EXECUTE FUNCTION public.update_updated_at_column();


--
-- Name: preventive_actions update_preventive_actions_updated_at; Type: TRIGGER; Schema: public; Owner: postgres
--

CREATE TRIGGER update_preventive_actions_updated_at BEFORE UPDATE ON public.preventive_actions FOR EACH ROW EXECUTE FUNCTION public.update_updated_at_column();


--
-- Name: verification_steps update_verification_steps_updated_at; Type: TRIGGER; Schema: public; Owner: postgres
--

CREATE TRIGGER update_verification_steps_updated_at BEFORE UPDATE ON public.verification_steps FOR EACH ROW EXECUTE FUNCTION public.update_updated_at_column();


--
-- Name: audit_logs audit_logs_user_id_fkey; Type: FK CONSTRAINT; Schema: public; Owner: postgres
--

ALTER TABLE ONLY public.audit_logs
    ADD CONSTRAINT audit_logs_user_id_fkey FOREIGN KEY (user_id) REFERENCES public.users(id);


--
-- Name: capa_actions capa_actions_assigned_to_id_fkey; Type: FK CONSTRAINT; Schema: public; Owner: postgres
--

ALTER TABLE ONLY public.capa_actions
    ADD CONSTRAINT capa_actions_assigned_to_id_fkey FOREIGN KEY (assigned_to_id) REFERENCES public.users(id);


--
-- Name: capa_actions capa_actions_capa_id_fkey; Type: FK CONSTRAINT; Schema: public; Owner: postgres
--

ALTER TABLE ONLY public.capa_actions
    ADD CONSTRAINT capa_actions_capa_id_fkey FOREIGN KEY (capa_id) REFERENCES public.capas(id) ON DELETE CASCADE;


--
-- Name: capa_actions capa_actions_completed_by_id_fkey; Type: FK CONSTRAINT; Schema: public; Owner: postgres
--

ALTER TABLE ONLY public.capa_actions
    ADD CONSTRAINT capa_actions_completed_by_id_fkey FOREIGN KEY (completed_by_id) REFERENCES public.users(id);


--
-- Name: capa_progress_tracking capa_progress_tracking_capa_id_fkey; Type: FK CONSTRAINT; Schema: public; Owner: postgres
--

ALTER TABLE ONLY public.capa_progress_tracking
    ADD CONSTRAINT capa_progress_tracking_capa_id_fkey FOREIGN KEY (capa_id) REFERENCES public.capas(id) ON DELETE CASCADE;


--
-- Name: capa_progress_tracking capa_progress_tracking_updated_by_id_fkey; Type: FK CONSTRAINT; Schema: public; Owner: postgres
--

ALTER TABLE ONLY public.capa_progress_tracking
    ADD CONSTRAINT capa_progress_tracking_updated_by_id_fkey FOREIGN KEY (updated_by_id) REFERENCES public.users(id);


--
-- Name: capas capas_assigned_to_id_fkey; Type: FK CONSTRAINT; Schema: public; Owner: postgres
--

ALTER TABLE ONLY public.capas
    ADD CONSTRAINT capas_assigned_to_id_fkey FOREIGN KEY (assigned_to_id) REFERENCES public.users(id);


--
-- Name: capas capas_created_by_id_fkey; Type: FK CONSTRAINT; Schema: public; Owner: postgres
--

ALTER TABLE ONLY public.capas
    ADD CONSTRAINT capas_created_by_id_fkey FOREIGN KEY (created_by_id) REFERENCES public.users(id);


--
-- Name: capas capas_evaluation_item_id_fkey; Type: FK CONSTRAINT; Schema: public; Owner: postgres
--

ALTER TABLE ONLY public.capas
    ADD CONSTRAINT capas_evaluation_item_id_fkey FOREIGN KEY (evaluation_item_id) REFERENCES public.evaluation_items(id);


--
-- Name: capas capas_round_id_fkey; Type: FK CONSTRAINT; Schema: public; Owner: postgres
--

ALTER TABLE ONLY public.capas
    ADD CONSTRAINT capas_round_id_fkey FOREIGN KEY (round_id) REFERENCES public.rounds(id);


--
-- Name: corrective_actions corrective_actions_assigned_to_id_fkey; Type: FK CONSTRAINT; Schema: public; Owner: postgres
--

ALTER TABLE ONLY public.corrective_actions
    ADD CONSTRAINT corrective_actions_assigned_to_id_fkey FOREIGN KEY (assigned_to_id) REFERENCES public.users(id);


--
-- Name: corrective_actions corrective_actions_capa_id_fkey; Type: FK CONSTRAINT; Schema: public; Owner: postgres
--

ALTER TABLE ONLY public.corrective_actions
    ADD CONSTRAINT corrective_actions_capa_id_fkey FOREIGN KEY (capa_id) REFERENCES public.capas(id) ON DELETE CASCADE;


--
-- Name: evaluation_comment_templates evaluation_comment_templates_category_id_fkey; Type: FK CONSTRAINT; Schema: public; Owner: postgres
--

ALTER TABLE ONLY public.evaluation_comment_templates
    ADD CONSTRAINT evaluation_comment_templates_category_id_fkey FOREIGN KEY (category_id) REFERENCES public.evaluation_categories(id);


--
-- Name: evaluation_comment_templates evaluation_comment_templates_created_by_fkey; Type: FK CONSTRAINT; Schema: public; Owner: postgres
--

ALTER TABLE ONLY public.evaluation_comment_templates
    ADD CONSTRAINT evaluation_comment_templates_created_by_fkey FOREIGN KEY (created_by) REFERENCES public.users(id);


--
-- Name: evaluation_comment_templates evaluation_comment_templates_evaluation_item_id_fkey; Type: FK CONSTRAINT; Schema: public; Owner: postgres
--

ALTER TABLE ONLY public.evaluation_comment_templates
    ADD CONSTRAINT evaluation_comment_templates_evaluation_item_id_fkey FOREIGN KEY (evaluation_item_id) REFERENCES public.evaluation_items(id);


--
-- Name: evaluation_items evaluation_items_category_id_fkey; Type: FK CONSTRAINT; Schema: public; Owner: postgres
--

ALTER TABLE ONLY public.evaluation_items
    ADD CONSTRAINT evaluation_items_category_id_fkey FOREIGN KEY (category_id) REFERENCES public.evaluation_categories(id);


--
-- Name: evaluation_results evaluation_results_evaluated_by_fkey; Type: FK CONSTRAINT; Schema: public; Owner: postgres
--

ALTER TABLE ONLY public.evaluation_results
    ADD CONSTRAINT evaluation_results_evaluated_by_fkey FOREIGN KEY (evaluated_by) REFERENCES public.users(id);


--
-- Name: evaluation_results evaluation_results_item_id_fkey; Type: FK CONSTRAINT; Schema: public; Owner: postgres
--

ALTER TABLE ONLY public.evaluation_results
    ADD CONSTRAINT evaluation_results_item_id_fkey FOREIGN KEY (item_id) REFERENCES public.evaluation_items(id);


--
-- Name: evaluation_results evaluation_results_round_id_fkey; Type: FK CONSTRAINT; Schema: public; Owner: postgres
--

ALTER TABLE ONLY public.evaluation_results
    ADD CONSTRAINT evaluation_results_round_id_fkey FOREIGN KEY (round_id) REFERENCES public.rounds(id);


--
-- Name: notifications notifications_user_id_fkey; Type: FK CONSTRAINT; Schema: public; Owner: postgres
--

ALTER TABLE ONLY public.notifications
    ADD CONSTRAINT notifications_user_id_fkey FOREIGN KEY (user_id) REFERENCES public.users(id) ON DELETE CASCADE;


--
-- Name: preventive_actions preventive_actions_assigned_to_id_fkey; Type: FK CONSTRAINT; Schema: public; Owner: postgres
--

ALTER TABLE ONLY public.preventive_actions
    ADD CONSTRAINT preventive_actions_assigned_to_id_fkey FOREIGN KEY (assigned_to_id) REFERENCES public.users(id);


--
-- Name: preventive_actions preventive_actions_capa_id_fkey; Type: FK CONSTRAINT; Schema: public; Owner: postgres
--

ALTER TABLE ONLY public.preventive_actions
    ADD CONSTRAINT preventive_actions_capa_id_fkey FOREIGN KEY (capa_id) REFERENCES public.capas(id) ON DELETE CASCADE;


--
-- Name: rounds rounds_created_by_id_fkey; Type: FK CONSTRAINT; Schema: public; Owner: postgres
--

ALTER TABLE ONLY public.rounds
    ADD CONSTRAINT rounds_created_by_id_fkey FOREIGN KEY (created_by_id) REFERENCES public.users(id);


--
-- Name: user_notification_settings user_notification_settings_user_id_fkey; Type: FK CONSTRAINT; Schema: public; Owner: postgres
--

ALTER TABLE ONLY public.user_notification_settings
    ADD CONSTRAINT user_notification_settings_user_id_fkey FOREIGN KEY (user_id) REFERENCES public.users(id) ON DELETE CASCADE;


--
-- Name: verification_steps verification_steps_assigned_to_id_fkey; Type: FK CONSTRAINT; Schema: public; Owner: postgres
--

ALTER TABLE ONLY public.verification_steps
    ADD CONSTRAINT verification_steps_assigned_to_id_fkey FOREIGN KEY (assigned_to_id) REFERENCES public.users(id);


--
-- Name: verification_steps verification_steps_capa_id_fkey; Type: FK CONSTRAINT; Schema: public; Owner: postgres
--

ALTER TABLE ONLY public.verification_steps
    ADD CONSTRAINT verification_steps_capa_id_fkey FOREIGN KEY (capa_id) REFERENCES public.capas(id) ON DELETE CASCADE;


--
-- PostgreSQL database dump complete
--

\unrestrict C13p3BgELVvpbBMLuYesEDwP2dC0KzmADZwdFPPaxslldgo8VD3B4UCTqMADUfz

